"""Double Irish"" Tax Loophole Used By US Companies To Be Closed",http://rss.slashdot.org/~r/Slashdot/slashdot/~3/IEbP0S52Hms/story01.htm,"An anonymous reader writes: The Irish Finance Minister announced on Tuesday that Ireland will no longer allow companies to register in Ireland unless the companies are also tax resident. This will effectively close off the corporate tax avoidance scheme known as the ""Double Irish"" used by the likes of Google, Apple, and Facebook to route their earnings through their Irish holdings in order to garner an effective tax rate of, as in Google FY2013, 0.16%. Ireland's new policy will take effect in 2015 for new companies. ""For existing companies, there will be provision for a transition period until the end of 2020.""<p><div class=""share_submission"" style=""position:relative;""> <a class=""slashpop"" href=""http://twitter.com/home?status=%22Double+Irish%22+Tax+Loophole+Used+By+US+Companies+To+Be+Closed%3A+http%3A%2F%2Fbit.ly%2F1xQeAK9""><img src=""http://a.fsdn.com/sd/twitter_icon_large.png""></a> <a class=""slashpop"" href=""http://www.facebook.com/sharer.php?u=http%3A%2F%2Fnews.slashdot.org%2Fstory%2F14%2F10%2F14%2F2212215%2Fdouble-irish-tax-loophole-used-by-us-companies-to-be-closed%3Futm_source%3Dslashdot%26utm_medium%3Dfacebook""><img src=""http://a.fsdn.com/sd/facebook_icon_large.png""></a> <a class=""nobg"" href=""http://plus.google.com/share?url=http://news.slashdot.org/story/14/10/14/2212215/double-irish-tax-loophole-used-by-us-companies-to-be-closed?utm_source=slashdot&amp;utm_medium=googleplus"" onclick=""javascript:window.open(this.href,'', 'menubar=no,toolbar=no,resizable=yes,scrollbars=yes,height=600,width=600');return false;""><img src=""http://www.gstatic.com/images/icons/gplus-16.png"" alt=""Share on Google+""/></a> </div></p><p><a href=""http://news.slashdot.org/story/14/10/14/2212215/double-irish-tax-loophole-used-by-us-companies-to-be-closed?utm_source=rss1.0moreanon&amp;utm_medium=feed"">Read more of this story</a> at Slashdot.</p><iframe src=""http://slashdot.org/slashdot-it.pl?op=discuss&amp;id=5827481&amp;smallembed=1"" style=""height: 300px; width: 100%; border: none;""></iframe><img width='1' height='1' src='http://slashdot.feedsportal.com/c/35028/f/647410/s/3f75e7bf/sc/24/mf.gif' border='0'/><br clear='all'/><br/><br/><a href=""http://da.feedsportal.com/r/210474371379/u/49/f/647410/c/35028/s/3f75e7bf/sc/24/rc/1/rc.htm"" rel=""nofollow""><img src=""http://da.feedsportal.com/r/210474371379/u/49/f/647410/c/35028/s/3f75e7bf/sc/24/rc/1/rc.img"" border=""0""/></a><br/><a href=""http://da.feedsportal.com/r/210474371379/u/49/f/647410/c/35028/s/3f75e7bf/sc/24/rc/2/rc.htm"" rel=""nofollow""><img src=""http://da.feedsportal.com/r/210474371379/u/49/f/647410/c/35028/s/3f75e7bf/sc/24/rc/2/rc.img"" border=""0""/></a><br/><a href=""http://da.feedsportal.com/r/210474371379/u/49/f/647410/c/35028/s/3f75e7bf/sc/24/rc/3/rc.htm"" rel=""nofollow""><img src=""http://da.feedsportal.com/r/210474371379/u/49/f/647410/c/35028/s/3f75e7bf/sc/24/rc/3/rc.img"" border=""0""/></a><br/><br/><a href=""http://da.feedsportal.com/r/210474371379/u/49/f/647410/c/35028/s/3f75e7bf/sc/24/a2.htm""><img src=""http://da.feedsportal.com/r/210474371379/u/49/f/647410/c/35028/s/3f75e7bf/sc/24/a2.img"" border=""0""/></a><img width=""1"" height=""1"" src=""http://pi.feedsportal.com/r/210474371379/u/49/f/647410/c/35028/s/3f75e7bf/sc/24/a2t.img"" border=""0""/><img src=""http://feeds.feedburner.com/~r/Slashdot/slashdot/~4/IEbP0S52Hms"" height=""1"" width=""1""/>"
A New Edition of the Journal of Public Health is Available (bioethicscom),http://news.feedzilla.com/en_us/stories/science/403168998?client_source=api&format=json,"The Journal of Public Health (Volume 36, No. 3, September 2014) is now
available online by subscription only. Articles include: ""Looking upstream for
influences on socioeconomic inequalities in health"" by Ted Schrecker and
Eugene Milne ""The vulnerability of being ill informed: … Read More

"
A Skype Session From Mars (Discover Magazine),http://news.feedzilla.com/en_us/stories/science/403056226?client_source=api&format=json,"NASA's Deep Space Network will need an upgrade before colonists on the Red
Planet can use it to phone home.

"
Amazon Web Services To Build Two New Aussie Data Centers,http://rss.slashdot.org/~r/Slashdot/slashdot/~3/GWmwaHyBmTY/story01.htm,"Bismillah writes: Sydney will get two new AWS data centers in the western and south-western parts of the city. AWS apparently decided to build the new DCs after it struggled to find enough Tier III space for rapid expansion in the region.<p><div class=""share_submission"" style=""position:relative;""> <a class=""slashpop"" href=""http://twitter.com/home?status=Amazon+Web+Services+To+Build+Two+New+Aussie+Data+Centers%3A+http%3A%2F%2Fbit.ly%2F1o9IDwb""><img src=""http://a.fsdn.com/sd/twitter_icon_large.png""></a> <a class=""slashpop"" href=""http://www.facebook.com/sharer.php?u=http%3A%2F%2Ftech.slashdot.org%2Fstory%2F14%2F10%2F15%2F0157246%2Famazon-web-services-to-build-two-new-aussie-data-centers%3Futm_source%3Dslashdot%26utm_medium%3Dfacebook""><img src=""http://a.fsdn.com/sd/facebook_icon_large.png""></a> <a class=""nobg"" href=""http://plus.google.com/share?url=http://tech.slashdot.org/story/14/10/15/0157246/amazon-web-services-to-build-two-new-aussie-data-centers?utm_source=slashdot&amp;utm_medium=googleplus"" onclick=""javascript:window.open(this.href,'', 'menubar=no,toolbar=no,resizable=yes,scrollbars=yes,height=600,width=600');return false;""><img src=""http://www.gstatic.com/images/icons/gplus-16.png"" alt=""Share on Google+""/></a> </div></p><p><a href=""http://tech.slashdot.org/story/14/10/15/0157246/amazon-web-services-to-build-two-new-aussie-data-centers?utm_source=rss1.0moreanon&amp;utm_medium=feed"">Read more of this story</a> at Slashdot.</p><iframe src=""http://slashdot.org/slashdot-it.pl?op=discuss&amp;id=5827857&amp;smallembed=1"" style=""height: 300px; width: 100%; border: none;""></iframe><img width='1' height='1' src='http://slashdot.feedsportal.com/c/35028/f/647410/s/3f764402/sc/46/mf.gif' border='0'/><br clear='all'/><br/><br/><a href=""http://da.feedsportal.com/r/210474379078/u/49/f/647410/c/35028/s/3f764402/sc/46/rc/1/rc.htm"" rel=""nofollow""><img src=""http://da.feedsportal.com/r/210474379078/u/49/f/647410/c/35028/s/3f764402/sc/46/rc/1/rc.img"" border=""0""/></a><br/><a href=""http://da.feedsportal.com/r/210474379078/u/49/f/647410/c/35028/s/3f764402/sc/46/rc/2/rc.htm"" rel=""nofollow""><img src=""http://da.feedsportal.com/r/210474379078/u/49/f/647410/c/35028/s/3f764402/sc/46/rc/2/rc.img"" border=""0""/></a><br/><a href=""http://da.feedsportal.com/r/210474379078/u/49/f/647410/c/35028/s/3f764402/sc/46/rc/3/rc.htm"" rel=""nofollow""><img src=""http://da.feedsportal.com/r/210474379078/u/49/f/647410/c/35028/s/3f764402/sc/46/rc/3/rc.img"" border=""0""/></a><br/><br/><a href=""http://da.feedsportal.com/r/210474379078/u/49/f/647410/c/35028/s/3f764402/sc/46/a2.htm""><img src=""http://da.feedsportal.com/r/210474379078/u/49/f/647410/c/35028/s/3f764402/sc/46/a2.img"" border=""0""/></a><img width=""1"" height=""1"" src=""http://pi.feedsportal.com/r/210474379078/u/49/f/647410/c/35028/s/3f764402/sc/46/a2t.img"" border=""0""/><img src=""http://feeds.feedburner.com/~r/Slashdot/slashdot/~4/GWmwaHyBmTY"" height=""1"" width=""1""/>"
Analysis of Linux Backdoor Used In Freenode Hack,http://rss.slashdot.org/~r/Slashdot/slashdot/~3/K3FWymutqls/story01.htm,"An anonymous reader writes ""A detailed analysis has been done of the Linux backdoor used in the freenode hack. It employed port knocking and encryption to provide security against others using it. This seems a little more sophisticated than your average black-hat hacker.<p><div class=""share_submission"" style=""position:relative;""> <a class=""slashpop"" href=""http://twitter.com/home?status=Analysis+of+Linux+Backdoor+Used+In+Freenode+Hack%3A+http%3A%2F%2Fbit.ly%2F1w75x8q""><img src=""http://a.fsdn.com/sd/twitter_icon_large.png""></a> <a class=""slashpop"" href=""http://www.facebook.com/sharer.php?u=http%3A%2F%2Flinux.slashdot.org%2Fstory%2F14%2F10%2F14%2F2142214%2Fanalysis-of-linux-backdoor-used-in-freenode-hack%3Futm_source%3Dslashdot%26utm_medium%3Dfacebook""><img src=""http://a.fsdn.com/sd/facebook_icon_large.png""></a> <a class=""nobg"" href=""http://plus.google.com/share?url=http://linux.slashdot.org/story/14/10/14/2142214/analysis-of-linux-backdoor-used-in-freenode-hack?utm_source=slashdot&amp;utm_medium=googleplus"" onclick=""javascript:window.open(this.href,'', 'menubar=no,toolbar=no,resizable=yes,scrollbars=yes,height=600,width=600');return false;""><img src=""http://www.gstatic.com/images/icons/gplus-16.png"" alt=""Share on Google+""/></a> </div></p><p><a href=""http://linux.slashdot.org/story/14/10/14/2142214/analysis-of-linux-backdoor-used-in-freenode-hack?utm_source=rss1.0moreanon&amp;utm_medium=feed"">Read more of this story</a> at Slashdot.</p><iframe src=""http://slashdot.org/slashdot-it.pl?op=discuss&amp;id=5827421&amp;smallembed=1"" style=""height: 300px; width: 100%; border: none;""></iframe><img width='1' height='1' src='http://slashdot.feedsportal.com/c/35028/f/647410/s/3f74ea3d/sc/4/mf.gif' border='0'/><br clear='all'/><br/><br/><a href=""http://da.feedsportal.com/r/210474366127/u/49/f/647410/c/35028/s/3f74ea3d/sc/4/rc/1/rc.htm"" rel=""nofollow""><img src=""http://da.feedsportal.com/r/210474366127/u/49/f/647410/c/35028/s/3f74ea3d/sc/4/rc/1/rc.img"" border=""0""/></a><br/><a href=""http://da.feedsportal.com/r/210474366127/u/49/f/647410/c/35028/s/3f74ea3d/sc/4/rc/2/rc.htm"" rel=""nofollow""><img src=""http://da.feedsportal.com/r/210474366127/u/49/f/647410/c/35028/s/3f74ea3d/sc/4/rc/2/rc.img"" border=""0""/></a><br/><a href=""http://da.feedsportal.com/r/210474366127/u/49/f/647410/c/35028/s/3f74ea3d/sc/4/rc/3/rc.htm"" rel=""nofollow""><img src=""http://da.feedsportal.com/r/210474366127/u/49/f/647410/c/35028/s/3f74ea3d/sc/4/rc/3/rc.img"" border=""0""/></a><br/><br/><a href=""http://da.feedsportal.com/r/210474366127/u/49/f/647410/c/35028/s/3f74ea3d/sc/4/a2.htm""><img src=""http://da.feedsportal.com/r/210474366127/u/49/f/647410/c/35028/s/3f74ea3d/sc/4/a2.img"" border=""0""/></a><img width=""1"" height=""1"" src=""http://pi.feedsportal.com/r/210474366127/u/49/f/647410/c/35028/s/3f74ea3d/sc/4/a2t.img"" border=""0""/><img src=""http://feeds.feedburner.com/~r/Slashdot/slashdot/~4/K3FWymutqls"" height=""1"" width=""1""/>"
Apple Releases CUPS 2.0,http://rss.slashdot.org/~r/Slashdot/slashdot/~3/6ejjZpaMK9s/story01.htm,"kthreadd writes: 15 years after the release of CUPS 1.0, Apple has now released version 2.0 of the printing system for GNU/Linux and other Unix-style operating systems. One of the major new features in 2.0 is that the test program for ippserver now passes the IPP Everywhere self-certification tests. Also, they've made an interesting blog post looking at the past and future of printing. Since the first major release in 1999, printing has become much more personal. Printer drivers are going away, and mobile usage is now the norm.""<p><div class=""share_submission"" style=""position:relative;""> <a class=""slashpop"" href=""http://twitter.com/home?status=Apple+Releases+CUPS+2.0%3A+http%3A%2F%2Fbit.ly%2F1w7RG1m""><img src=""http://a.fsdn.com/sd/twitter_icon_large.png""></a> <a class=""slashpop"" href=""http://www.facebook.com/sharer.php?u=http%3A%2F%2Fapple.slashdot.org%2Fstory%2F14%2F10%2F15%2F0154238%2Fapple-releases-cups-20%3Futm_source%3Dslashdot%26utm_medium%3Dfacebook""><img src=""http://a.fsdn.com/sd/facebook_icon_large.png""></a> <a class=""nobg"" href=""http://plus.google.com/share?url=http://apple.slashdot.org/story/14/10/15/0154238/apple-releases-cups-20?utm_source=slashdot&amp;utm_medium=googleplus"" onclick=""javascript:window.open(this.href,'', 'menubar=no,toolbar=no,resizable=yes,scrollbars=yes,height=600,width=600');return false;""><img src=""http://www.gstatic.com/images/icons/gplus-16.png"" alt=""Share on Google+""/></a> </div></p><p><a href=""http://apple.slashdot.org/story/14/10/15/0154238/apple-releases-cups-20?utm_source=rss1.0moreanon&amp;utm_medium=feed"">Read more of this story</a> at Slashdot.</p><iframe src=""http://slashdot.org/slashdot-it.pl?op=discuss&amp;id=5827853&amp;smallembed=1"" style=""height: 300px; width: 100%; border: none;""></iframe><img width='1' height='1' src='http://slashdot.feedsportal.com/c/35028/f/647410/s/3f77b7d5/sc/4/mf.gif' border='0'/><br clear='all'/><br/><br/><a href=""http://da.feedsportal.com/r/210474360696/u/49/f/647410/c/35028/s/3f77b7d5/sc/4/rc/1/rc.htm"" rel=""nofollow""><img src=""http://da.feedsportal.com/r/210474360696/u/49/f/647410/c/35028/s/3f77b7d5/sc/4/rc/1/rc.img"" border=""0""/></a><br/><a href=""http://da.feedsportal.com/r/210474360696/u/49/f/647410/c/35028/s/3f77b7d5/sc/4/rc/2/rc.htm"" rel=""nofollow""><img src=""http://da.feedsportal.com/r/210474360696/u/49/f/647410/c/35028/s/3f77b7d5/sc/4/rc/2/rc.img"" border=""0""/></a><br/><a href=""http://da.feedsportal.com/r/210474360696/u/49/f/647410/c/35028/s/3f77b7d5/sc/4/rc/3/rc.htm"" rel=""nofollow""><img src=""http://da.feedsportal.com/r/210474360696/u/49/f/647410/c/35028/s/3f77b7d5/sc/4/rc/3/rc.img"" border=""0""/></a><br/><br/><a href=""http://da.feedsportal.com/r/210474360696/u/49/f/647410/c/35028/s/3f77b7d5/sc/4/a2.htm""><img src=""http://da.feedsportal.com/r/210474360696/u/49/f/647410/c/35028/s/3f77b7d5/sc/4/a2.img"" border=""0""/></a><img width=""1"" height=""1"" src=""http://pi.feedsportal.com/r/210474360696/u/49/f/647410/c/35028/s/3f77b7d5/sc/4/a2t.img"" border=""0""/><img src=""http://feeds.feedburner.com/~r/Slashdot/slashdot/~4/6ejjZpaMK9s"" height=""1"" width=""1""/>"
Are the Ebola Outbreaks in Nigeria and Senegal Over? (bioethicscom),http://news.feedzilla.com/en_us/stories/science/402966016?client_source=api&format=json,"(World Health Organization) - Not quite yet. If the active surveillance for
new cases that is currently in place continues, and no new cases are detected,
WHO will declare the end of the outbreak of Ebola virus disease in Senegal …
Read More

"
"Battery Breakthrough: Researchers Claim 70% Charge In 2 Minutes, 20-Year Life",http://rss.slashdot.org/~r/Slashdot/slashdot/~3/63nMv6Mc9NU/story01.htm,"New submitter chaosdivine69 writes: According to Scientists at Nanyang Technology University (NTU), they have developed ultra-fast charging batteries that can be recharged up to 70 per cent in only two minutes and have a 20-year lifespan (10,000 charges). The impact of this is potentially a game changer for a lot of industries reliant on lithium ion batteries. In the car industry, for example, consumers would save on costs for battery replacement and manufacturers would save on material construction (the researchers are using a nanotube structure of Titanium dioxide, which is an abundant, cheap, and safe material found in soil). Titanium dioxide is commonly used as a food additive or in sunscreen lotions to absorb harmful ultraviolet rays. It is believed that charging an electric car can be done in as little as 5 minutes, making it comparable to filling up a tank of gasoline.<p><div class=""share_submission"" style=""position:relative;""> <a class=""slashpop"" href=""http://twitter.com/home?status=Battery+Breakthrough%3A+Researchers+Claim+70%25+Charge+In+2+Minutes%2C+20-Year+Life%3A+http%3A%2F%2Fbit.ly%2F1trP9Ay""><img src=""http://a.fsdn.com/sd/twitter_icon_large.png""></a> <a class=""slashpop"" href=""http://www.facebook.com/sharer.php?u=http%3A%2F%2Fhardware.slashdot.org%2Fstory%2F14%2F10%2F14%2F2135208%2Fbattery-breakthrough-researchers-claim-70-charge-in-2-minutes-20-year-life%3Futm_source%3Dslashdot%26utm_medium%3Dfacebook""><img src=""http://a.fsdn.com/sd/facebook_icon_large.png""></a> <a class=""nobg"" href=""http://plus.google.com/share?url=http://hardware.slashdot.org/story/14/10/14/2135208/battery-breakthrough-researchers-claim-70-charge-in-2-minutes-20-year-life?utm_source=slashdot&amp;utm_medium=googleplus"" onclick=""javascript:window.open(this.href,'', 'menubar=no,toolbar=no,resizable=yes,scrollbars=yes,height=600,width=600');return false;""><img src=""http://www.gstatic.com/images/icons/gplus-16.png"" alt=""Share on Google+""/></a> </div></p><p><a href=""http://hardware.slashdot.org/story/14/10/14/2135208/battery-breakthrough-researchers-claim-70-charge-in-2-minutes-20-year-life?utm_source=rss1.0moreanon&amp;utm_medium=feed"">Read more of this story</a> at Slashdot.</p><iframe src=""http://slashdot.org/slashdot-it.pl?op=discuss&amp;id=5827407&amp;smallembed=1"" style=""height: 300px; width: 100%; border: none;""></iframe><img width='1' height='1' src='http://slashdot.feedsportal.com/c/35028/f/647410/s/3f74ce62/sc/5/mf.gif' border='0'/><br clear='all'/><br/><br/><a href=""http://da.feedsportal.com/r/210474332265/u/49/f/647410/c/35028/s/3f74ce62/sc/5/rc/1/rc.htm"" rel=""nofollow""><img src=""http://da.feedsportal.com/r/210474332265/u/49/f/647410/c/35028/s/3f74ce62/sc/5/rc/1/rc.img"" border=""0""/></a><br/><a href=""http://da.feedsportal.com/r/210474332265/u/49/f/647410/c/35028/s/3f74ce62/sc/5/rc/2/rc.htm"" rel=""nofollow""><img src=""http://da.feedsportal.com/r/210474332265/u/49/f/647410/c/35028/s/3f74ce62/sc/5/rc/2/rc.img"" border=""0""/></a><br/><a href=""http://da.feedsportal.com/r/210474332265/u/49/f/647410/c/35028/s/3f74ce62/sc/5/rc/3/rc.htm"" rel=""nofollow""><img src=""http://da.feedsportal.com/r/210474332265/u/49/f/647410/c/35028/s/3f74ce62/sc/5/rc/3/rc.img"" border=""0""/></a><br/><br/><a href=""http://da.feedsportal.com/r/210474332265/u/49/f/647410/c/35028/s/3f74ce62/sc/5/a2.htm""><img src=""http://da.feedsportal.com/r/210474332265/u/49/f/647410/c/35028/s/3f74ce62/sc/5/a2.img"" border=""0""/></a><img width=""1"" height=""1"" src=""http://pi.feedsportal.com/r/210474332265/u/49/f/647410/c/35028/s/3f74ce62/sc/5/a2t.img"" border=""0""/><img src=""http://feeds.feedburner.com/~r/Slashdot/slashdot/~4/63nMv6Mc9NU"" height=""1"" width=""1""/>"
Can the Sun Realistically Power Datacenters?,http://rss.slashdot.org/~r/Slashdot/slashdot/~3/4eB8J7hGpQQ/story01.htm,"1sockchuck writes: A massive solar array in central New Jersey provides the daytime power for a server farm delivering online financial services for McGraw Hill. The 50-acre field of photovoltaic solar panels symbolizes a new phase in the use of renewable energy in data centers. Massive arrays can now provide tens of megawatts of solar power for companies (including Apple) that can afford the land and the expense. But some data center thought leaders argue that these huge fields are more about marketing than genuinely finding the best approach to a greener cloud.<p><div class=""share_submission"" style=""position:relative;""> <a class=""slashpop"" href=""http://twitter.com/home?status=Can+the+Sun+Realistically+Power+Datacenters%3F%3A+http%3A%2F%2Fbit.ly%2F1sO7q93""><img src=""http://a.fsdn.com/sd/twitter_icon_large.png""></a> <a class=""slashpop"" href=""http://www.facebook.com/sharer.php?u=http%3A%2F%2Fhardware.slashdot.org%2Fstory%2F14%2F10%2F14%2F213232%2Fcan-the-sun-realistically-power-datacenters%3Futm_source%3Dslashdot%26utm_medium%3Dfacebook""><img src=""http://a.fsdn.com/sd/facebook_icon_large.png""></a> <a class=""nobg"" href=""http://plus.google.com/share?url=http://hardware.slashdot.org/story/14/10/14/213232/can-the-sun-realistically-power-datacenters?utm_source=slashdot&amp;utm_medium=googleplus"" onclick=""javascript:window.open(this.href,'', 'menubar=no,toolbar=no,resizable=yes,scrollbars=yes,height=600,width=600');return false;""><img src=""http://www.gstatic.com/images/icons/gplus-16.png"" alt=""Share on Google+""/></a> </div></p><p><a href=""http://hardware.slashdot.org/story/14/10/14/213232/can-the-sun-realistically-power-datacenters?utm_source=rss1.0moreanon&amp;utm_medium=feed"">Read more of this story</a> at Slashdot.</p><iframe src=""http://slashdot.org/slashdot-it.pl?op=discuss&amp;id=5827335&amp;smallembed=1"" style=""height: 300px; width: 100%; border: none;""></iframe><img width='1' height='1' src='http://slashdot.feedsportal.com/c/35028/f/647410/s/3f744c6a/sc/46/mf.gif' border='0'/><br clear='all'/><br/><br/><a href=""http://da.feedsportal.com/r/210474363800/u/49/f/647410/c/35028/s/3f744c6a/sc/46/rc/1/rc.htm"" rel=""nofollow""><img src=""http://da.feedsportal.com/r/210474363800/u/49/f/647410/c/35028/s/3f744c6a/sc/46/rc/1/rc.img"" border=""0""/></a><br/><a href=""http://da.feedsportal.com/r/210474363800/u/49/f/647410/c/35028/s/3f744c6a/sc/46/rc/2/rc.htm"" rel=""nofollow""><img src=""http://da.feedsportal.com/r/210474363800/u/49/f/647410/c/35028/s/3f744c6a/sc/46/rc/2/rc.img"" border=""0""/></a><br/><a href=""http://da.feedsportal.com/r/210474363800/u/49/f/647410/c/35028/s/3f744c6a/sc/46/rc/3/rc.htm"" rel=""nofollow""><img src=""http://da.feedsportal.com/r/210474363800/u/49/f/647410/c/35028/s/3f744c6a/sc/46/rc/3/rc.img"" border=""0""/></a><br/><br/><a href=""http://da.feedsportal.com/r/210474363800/u/49/f/647410/c/35028/s/3f744c6a/sc/46/a2.htm""><img src=""http://da.feedsportal.com/r/210474363800/u/49/f/647410/c/35028/s/3f744c6a/sc/46/a2.img"" border=""0""/></a><img width=""1"" height=""1"" src=""http://pi.feedsportal.com/r/210474363800/u/49/f/647410/c/35028/s/3f744c6a/sc/46/a2t.img"" border=""0""/><img src=""http://feeds.feedburner.com/~r/Slashdot/slashdot/~4/4eB8J7hGpQQ"" height=""1"" width=""1""/>"
Cancer: Winning the War? [Video] - The 64th Annual Lindau Meeting (Scientific American),http://news.feedzilla.com/en_us/stories/science/403195904?client_source=api&format=json,"Where do we stand after four decades of cancer research? an someone be cured
of the AIDS virus? Nature Video examined this question during this summer's
Lindau Nobel Laureate Meeting, which brought...


-- Read more on ScientificAmerican.com

"
Companies Genetically Engineer Spider Silk,http://rss.slashdot.org/~r/Slashdot/slashdot/~3/byYjPPekPS4/story01.htm,"gthuang88 writes: Spider silk is touted for its strength and potential to be used in body armor, sports gear, and even artificial tendons and implants. Now several companies including EntoGenetics, Kraig Labs, and Araknitek have developed genetic approaches to producing commercial quantities of the stuff. One method is to implant spider genes into silkworms, which then act as spider-silk factories. Another is to place the gene that encodes spider web production into the DNA of goats; these ""spidergoats"" then produce milk containing spider-silk proteins that can be extracted. There's still a long way to go, however, and big companies like DuPont and BASF have tried and failed to commercialize similar materials.<p><div class=""share_submission"" style=""position:relative;""> <a class=""slashpop"" href=""http://twitter.com/home?status=Companies+Genetically+Engineer+Spider+Silk%3A+http%3A%2F%2Fbit.ly%2F1sHKNUE""><img src=""http://a.fsdn.com/sd/twitter_icon_large.png""></a> <a class=""slashpop"" href=""http://www.facebook.com/sharer.php?u=http%3A%2F%2Ftech.slashdot.org%2Fstory%2F14%2F10%2F14%2F1935206%2Fcompanies-genetically-engineer-spider-silk%3Futm_source%3Dslashdot%26utm_medium%3Dfacebook""><img src=""http://a.fsdn.com/sd/facebook_icon_large.png""></a> <a class=""nobg"" href=""http://plus.google.com/share?url=http://tech.slashdot.org/story/14/10/14/1935206/companies-genetically-engineer-spider-silk?utm_source=slashdot&amp;utm_medium=googleplus"" onclick=""javascript:window.open(this.href,'', 'menubar=no,toolbar=no,resizable=yes,scrollbars=yes,height=600,width=600');return false;""><img src=""http://www.gstatic.com/images/icons/gplus-16.png"" alt=""Share on Google+""/></a> </div></p><p><a href=""http://tech.slashdot.org/story/14/10/14/1935206/companies-genetically-engineer-spider-silk?utm_source=rss1.0moreanon&amp;utm_medium=feed"">Read more of this story</a> at Slashdot.</p><iframe src=""http://slashdot.org/slashdot-it.pl?op=discuss&amp;id=5827137&amp;smallembed=1"" style=""height: 300px; width: 100%; border: none;""></iframe><img width='1' height='1' src='http://slashdot.feedsportal.com/c/35028/f/647410/s/3f7410ff/sc/38/mf.gif' border='0'/><br clear='all'/><br/><br/><a href=""http://da.feedsportal.com/r/210474364535/u/49/f/647410/c/35028/s/3f7410ff/sc/38/rc/1/rc.htm"" rel=""nofollow""><img src=""http://da.feedsportal.com/r/210474364535/u/49/f/647410/c/35028/s/3f7410ff/sc/38/rc/1/rc.img"" border=""0""/></a><br/><a href=""http://da.feedsportal.com/r/210474364535/u/49/f/647410/c/35028/s/3f7410ff/sc/38/rc/2/rc.htm"" rel=""nofollow""><img src=""http://da.feedsportal.com/r/210474364535/u/49/f/647410/c/35028/s/3f7410ff/sc/38/rc/2/rc.img"" border=""0""/></a><br/><a href=""http://da.feedsportal.com/r/210474364535/u/49/f/647410/c/35028/s/3f7410ff/sc/38/rc/3/rc.htm"" rel=""nofollow""><img src=""http://da.feedsportal.com/r/210474364535/u/49/f/647410/c/35028/s/3f7410ff/sc/38/rc/3/rc.img"" border=""0""/></a><br/><br/><a href=""http://da.feedsportal.com/r/210474364535/u/49/f/647410/c/35028/s/3f7410ff/sc/38/a2.htm""><img src=""http://da.feedsportal.com/r/210474364535/u/49/f/647410/c/35028/s/3f7410ff/sc/38/a2.img"" border=""0""/></a><img width=""1"" height=""1"" src=""http://pi.feedsportal.com/r/210474364535/u/49/f/647410/c/35028/s/3f7410ff/sc/38/a2t.img"" border=""0""/><img src=""http://feeds.feedburner.com/~r/Slashdot/slashdot/~4/byYjPPekPS4"" height=""1"" width=""1""/>"
Confidence Shaken In Open Source Security Idealism,http://rss.slashdot.org/~r/Slashdot/slashdot/~3/k1M1OWxejwE/story01.htm,"iONiUM writes: According to a few news articles, the general public has taken notice of all the recent security breaches in open source software. From the article: ""Hackers have shaken the free-software movement that once symbolized the Web's idealism. Several high-profile attacks in recent months exploited security flaws found in the ""open-source"" software created by volunteers collaborating online, building off each other's work."" While it's true that open source means you can review the actual code to ensure there's no data-theft, loggers, or glaring security holes, that idealism doesn't really help out most people who simply don't have time, or the knowledge, to do it. As such, the trust is left to the open source community, and is that really so different than leaving it to a corporation with closed source?""<p><div class=""share_submission"" style=""position:relative;""> <a class=""slashpop"" href=""http://twitter.com/home?status=Confidence+Shaken+In+Open+Source+Security+Idealism%3A+http%3A%2F%2Fbit.ly%2F1v9bSzM""><img src=""http://a.fsdn.com/sd/twitter_icon_large.png""></a> <a class=""slashpop"" href=""http://www.facebook.com/sharer.php?u=http%3A%2F%2Fnews.slashdot.org%2Fstory%2F14%2F10%2F14%2F1738224%2Fconfidence-shaken-in-open-source-security-idealism%3Futm_source%3Dslashdot%26utm_medium%3Dfacebook""><img src=""http://a.fsdn.com/sd/facebook_icon_large.png""></a> <a class=""nobg"" href=""http://plus.google.com/share?url=http://news.slashdot.org/story/14/10/14/1738224/confidence-shaken-in-open-source-security-idealism?utm_source=slashdot&amp;utm_medium=googleplus"" onclick=""javascript:window.open(this.href,'', 'menubar=no,toolbar=no,resizable=yes,scrollbars=yes,height=600,width=600');return false;""><img src=""http://www.gstatic.com/images/icons/gplus-16.png"" alt=""Share on Google+""/></a> </div></p><p><a href=""http://news.slashdot.org/story/14/10/14/1738224/confidence-shaken-in-open-source-security-idealism?utm_source=rss1.0moreanon&amp;utm_medium=feed"">Read more of this story</a> at Slashdot.</p><iframe src=""http://slashdot.org/slashdot-it.pl?op=discuss&amp;id=5826885&amp;smallembed=1"" style=""height: 300px; width: 100%; border: none;""></iframe><img width='1' height='1' src='http://slashdot.feedsportal.com/c/35028/f/647410/s/3f739d76/sc/4/mf.gif' border='0'/><br clear='all'/><br/><br/><a href=""http://da.feedsportal.com/r/210474362657/u/49/f/647410/c/35028/s/3f739d76/sc/4/rc/1/rc.htm"" rel=""nofollow""><img src=""http://da.feedsportal.com/r/210474362657/u/49/f/647410/c/35028/s/3f739d76/sc/4/rc/1/rc.img"" border=""0""/></a><br/><a href=""http://da.feedsportal.com/r/210474362657/u/49/f/647410/c/35028/s/3f739d76/sc/4/rc/2/rc.htm"" rel=""nofollow""><img src=""http://da.feedsportal.com/r/210474362657/u/49/f/647410/c/35028/s/3f739d76/sc/4/rc/2/rc.img"" border=""0""/></a><br/><a href=""http://da.feedsportal.com/r/210474362657/u/49/f/647410/c/35028/s/3f739d76/sc/4/rc/3/rc.htm"" rel=""nofollow""><img src=""http://da.feedsportal.com/r/210474362657/u/49/f/647410/c/35028/s/3f739d76/sc/4/rc/3/rc.img"" border=""0""/></a><br/><br/><a href=""http://da.feedsportal.com/r/210474362657/u/49/f/647410/c/35028/s/3f739d76/sc/4/a2.htm""><img src=""http://da.feedsportal.com/r/210474362657/u/49/f/647410/c/35028/s/3f739d76/sc/4/a2.img"" border=""0""/></a><img width=""1"" height=""1"" src=""http://pi.feedsportal.com/r/210474362657/u/49/f/647410/c/35028/s/3f739d76/sc/4/a2t.img"" border=""0""/><img src=""http://feeds.feedburner.com/~r/Slashdot/slashdot/~4/k1M1OWxejwE"" height=""1"" width=""1""/>"
Data From Windows 10 Feedback Tool Exposes Problem Areas,http://rss.slashdot.org/~r/Slashdot/slashdot/~3/4aTWhnEs7xE/story01.htm,"jones_supa writes: Two weeks in, and already a million people have tried out Windows 10 Technical Preview, reports Microsoft, along with a nice stack of other stats and feedback. Only 36% of installations are occurring inside a virtual machine. 68% of Windows 10 Technical Preview users are launching more than seven apps per day, with somewhere around 25% of testers using Windows 10 as their daily driver (26 app launches or more per day). With the help of Windows 10's built-in feedback tool, thousands of testers have made it very clear that Microsoft's new OS still has lots of irksome bugs and misses many much-needed features. ExtremeTech has posted an interesting list of the most popular gripes received, them mostly being various GUI endurances. What has your experience been with the Technical Preview?<p><div class=""share_submission"" style=""position:relative;""> <a class=""slashpop"" href=""http://twitter.com/home?status=Data+From+Windows+10+Feedback+Tool+Exposes+Problem+Areas%3A+http%3A%2F%2Fbit.ly%2FZt9JCn""><img src=""http://a.fsdn.com/sd/twitter_icon_large.png""></a> <a class=""slashpop"" href=""http://www.facebook.com/sharer.php?u=http%3A%2F%2Ftech.slashdot.org%2Fstory%2F14%2F10%2F15%2F1516254%2Fdata-from-windows-10-feedback-tool-exposes-problem-areas%3Futm_source%3Dslashdot%26utm_medium%3Dfacebook""><img src=""http://a.fsdn.com/sd/facebook_icon_large.png""></a> <a class=""nobg"" href=""http://plus.google.com/share?url=http://tech.slashdot.org/story/14/10/15/1516254/data-from-windows-10-feedback-tool-exposes-problem-areas?utm_source=slashdot&amp;utm_medium=googleplus"" onclick=""javascript:window.open(this.href,'', 'menubar=no,toolbar=no,resizable=yes,scrollbars=yes,height=600,width=600');return false;""><img src=""http://www.gstatic.com/images/icons/gplus-16.png"" alt=""Share on Google+""/></a> </div></p><p><a href=""http://tech.slashdot.org/story/14/10/15/1516254/data-from-windows-10-feedback-tool-exposes-problem-areas?utm_source=rss1.0moreanon&amp;utm_medium=feed"">Read more of this story</a> at Slashdot.</p><iframe src=""http://slashdot.org/slashdot-it.pl?op=discuss&amp;id=5831405&amp;smallembed=1"" style=""height: 300px; width: 100%; border: none;""></iframe><img width='1' height='1' src='http://slashdot.feedsportal.com/c/35028/f/647410/s/3f7d3cc0/sc/4/mf.gif' border='0'/><br clear='all'/><br/><br/><a href=""http://da.feedsportal.com/r/210474402977/u/49/f/647410/c/35028/s/3f7d3cc0/sc/4/rc/1/rc.htm"" rel=""nofollow""><img src=""http://da.feedsportal.com/r/210474402977/u/49/f/647410/c/35028/s/3f7d3cc0/sc/4/rc/1/rc.img"" border=""0""/></a><br/><a href=""http://da.feedsportal.com/r/210474402977/u/49/f/647410/c/35028/s/3f7d3cc0/sc/4/rc/2/rc.htm"" rel=""nofollow""><img src=""http://da.feedsportal.com/r/210474402977/u/49/f/647410/c/35028/s/3f7d3cc0/sc/4/rc/2/rc.img"" border=""0""/></a><br/><a href=""http://da.feedsportal.com/r/210474402977/u/49/f/647410/c/35028/s/3f7d3cc0/sc/4/rc/3/rc.htm"" rel=""nofollow""><img src=""http://da.feedsportal.com/r/210474402977/u/49/f/647410/c/35028/s/3f7d3cc0/sc/4/rc/3/rc.img"" border=""0""/></a><br/><br/><a href=""http://da.feedsportal.com/r/210474402977/u/49/f/647410/c/35028/s/3f7d3cc0/sc/4/a2.htm""><img src=""http://da.feedsportal.com/r/210474402977/u/49/f/647410/c/35028/s/3f7d3cc0/sc/4/a2.img"" border=""0""/></a><img width=""1"" height=""1"" src=""http://pi.feedsportal.com/r/210474402977/u/49/f/647410/c/35028/s/3f7d3cc0/sc/4/a2t.img"" border=""0""/><img src=""http://feeds.feedburner.com/~r/Slashdot/slashdot/~4/4aTWhnEs7xE"" height=""1"" width=""1""/>"
Earth’s magnetic field could flip much faster than previously predicted (Science Alert),http://news.feedzilla.com/en_us/stories/science/403070010?client_source=api&format=json,"A new study suggests that Earth’s magnetic field could take just 100 years to
flip - and there’s evidence it could happen again in a couple of thousand
years.

"
Facebook and Apple Now Pay For Female Employees To Freeze Their Eggs,http://rss.slashdot.org/~r/Slashdot/slashdot/~3/OGI1zGD6dHI/story01.htm,"Dave Knott writes: While freezing eggs has become an increasingly popular practice for career-oriented women, the procedure comes at a steep price: Costs typically add up to at least $10,000 for every round, plus $500 or more annually for storage. Now two Silicon Valley giants are offering women a game-changing perk: Apple and Facebook will pay for employees to freeze their eggs. They appear to be the first major employers to offer this coverage for non-medical reasons, both offering to cover costs up to $20,000. Tech firms are hardly alone in offering generous benefits to attract and keep talent, but they appear to be leading the way with egg freezing. Advocates say they've heard murmurs of large law, consulting, and finance firms helping to cover the costs, although no one is broadcasting this support. Companies may be concerned about the public relations implications of the benefit &ndash; in the most cynical light, egg-freezing coverage could be viewed as a ploy to entice women to sell their souls to their employer, sacrificing childbearing years for the promise of promotion. Will the perk pay off for companies? The benefit will likely encourage women to stay with their employer longer, cutting down on recruiting and hiring costs. And practically speaking, when women freeze their eggs early, firms may save on pregnancy costs in the long run. A woman could avoid paying to use a donor egg down the road, for example, or undergoing more intensive fertility treatments when she's ready to have a baby. But the emotional and cultural payoff may be more valuable, helping women be more productive human beings.<p><div class=""share_submission"" style=""position:relative;""> <a class=""slashpop"" href=""http://twitter.com/home?status=Facebook+and+Apple+Now+Pay+For+Female+Employees+To+Freeze+Their+Eggs%3A+http%3A%2F%2Fbit.ly%2F1nlYrv1""><img src=""http://a.fsdn.com/sd/twitter_icon_large.png""></a> <a class=""slashpop"" href=""http://www.facebook.com/sharer.php?u=http%3A%2F%2Fapple.slashdot.org%2Fstory%2F14%2F10%2F15%2F153231%2Ffacebook-and-apple-now-pay-for-female-employees-to-freeze-their-eggs%3Futm_source%3Dslashdot%26utm_medium%3Dfacebook""><img src=""http://a.fsdn.com/sd/facebook_icon_large.png""></a> <a class=""nobg"" href=""http://plus.google.com/share?url=http://apple.slashdot.org/story/14/10/15/153231/facebook-and-apple-now-pay-for-female-employees-to-freeze-their-eggs?utm_source=slashdot&amp;utm_medium=googleplus"" onclick=""javascript:window.open(this.href,'', 'menubar=no,toolbar=no,resizable=yes,scrollbars=yes,height=600,width=600');return false;""><img src=""http://www.gstatic.com/images/icons/gplus-16.png"" alt=""Share on Google+""/></a> </div></p><p><a href=""http://apple.slashdot.org/story/14/10/15/153231/facebook-and-apple-now-pay-for-female-employees-to-freeze-their-eggs?utm_source=rss1.0moreanon&amp;utm_medium=feed"">Read more of this story</a> at Slashdot.</p><iframe src=""http://slashdot.org/slashdot-it.pl?op=discuss&amp;id=5831357&amp;smallembed=1"" style=""height: 300px; width: 100%; border: none;""></iframe><img width='1' height='1' src='http://slashdot.feedsportal.com/c/35028/f/647410/s/3f7c82d3/sc/36/mf.gif' border='0'/><br clear='all'/><br/><br/><a href=""http://da.feedsportal.com/r/210474392193/u/49/f/647410/c/35028/s/3f7c82d3/sc/36/rc/1/rc.htm"" rel=""nofollow""><img src=""http://da.feedsportal.com/r/210474392193/u/49/f/647410/c/35028/s/3f7c82d3/sc/36/rc/1/rc.img"" border=""0""/></a><br/><a href=""http://da.feedsportal.com/r/210474392193/u/49/f/647410/c/35028/s/3f7c82d3/sc/36/rc/2/rc.htm"" rel=""nofollow""><img src=""http://da.feedsportal.com/r/210474392193/u/49/f/647410/c/35028/s/3f7c82d3/sc/36/rc/2/rc.img"" border=""0""/></a><br/><a href=""http://da.feedsportal.com/r/210474392193/u/49/f/647410/c/35028/s/3f7c82d3/sc/36/rc/3/rc.htm"" rel=""nofollow""><img src=""http://da.feedsportal.com/r/210474392193/u/49/f/647410/c/35028/s/3f7c82d3/sc/36/rc/3/rc.img"" border=""0""/></a><br/><br/><a href=""http://da.feedsportal.com/r/210474392193/u/49/f/647410/c/35028/s/3f7c82d3/sc/36/a2.htm""><img src=""http://da.feedsportal.com/r/210474392193/u/49/f/647410/c/35028/s/3f7c82d3/sc/36/a2.img"" border=""0""/></a><img width=""1"" height=""1"" src=""http://pi.feedsportal.com/r/210474392193/u/49/f/647410/c/35028/s/3f7c82d3/sc/36/a2t.img"" border=""0""/><img src=""http://feeds.feedburner.com/~r/Slashdot/slashdot/~4/OGI1zGD6dHI"" height=""1"" width=""1""/>"
First Demonstration of Artificial Intelligence On a Quantum Computer,http://rss.slashdot.org/~r/Slashdot/slashdot/~3/B9xARSg9gFY/story01.htm,"KentuckyFC writes: Machine learning algorithms use a training dataset to learn how to recognize features in images and use this 'knowledge' to spot the same features in new images. The computational complexity of this task is such that the time required to solve it increases in polynomial time with the number of images in the training set and the complexity of the ""learned"" feature. So it's no surprise that quantum computers ought to be able to rapidly speed up this process. Indeed, a group of theoretical physicists last year designed a quantum algorithm that solves this problem in logarithmic time rather than polynomial, a significant improvement. Now, a Chinese team has successfully implemented this artificial intelligence algorithm on a working quantum computer, for the first time. The information processor is a standard nuclear magnetic resonance quantum computer capable of handling 4 qubits. The team trained it to recognize the difference between the characters '6' and '9' and then asked it to classify a set of handwritten 6s and 9s accordingly, which it did successfully. The team says this is the first time that this kind of artificial intelligence has ever been demonstrated on a quantum computer and opens the way to the more rapid processing of other big data sets &mdash; provided, of course, that physicists can build more powerful quantum computers.<p><div class=""share_submission"" style=""position:relative;""> <a class=""slashpop"" href=""http://twitter.com/home?status=First+Demonstration+of+Artificial+Intelligence+On+a+Quantum+Computer%3A+http%3A%2F%2Fbit.ly%2F11nx1LF""><img src=""http://a.fsdn.com/sd/twitter_icon_large.png""></a> <a class=""slashpop"" href=""http://www.facebook.com/sharer.php?u=http%3A%2F%2Ftech.slashdot.org%2Fstory%2F14%2F10%2F15%2F139227%2Ffirst-demonstration-of-artificial-intelligence-on-a-quantum-computer%3Futm_source%3Dslashdot%26utm_medium%3Dfacebook""><img src=""http://a.fsdn.com/sd/facebook_icon_large.png""></a> <a class=""nobg"" href=""http://plus.google.com/share?url=http://tech.slashdot.org/story/14/10/15/139227/first-demonstration-of-artificial-intelligence-on-a-quantum-computer?utm_source=slashdot&amp;utm_medium=googleplus"" onclick=""javascript:window.open(this.href,'', 'menubar=no,toolbar=no,resizable=yes,scrollbars=yes,height=600,width=600');return false;""><img src=""http://www.gstatic.com/images/icons/gplus-16.png"" alt=""Share on Google+""/></a> </div></p><p><a href=""http://tech.slashdot.org/story/14/10/15/139227/first-demonstration-of-artificial-intelligence-on-a-quantum-computer?utm_source=rss1.0moreanon&amp;utm_medium=feed"">Read more of this story</a> at Slashdot.</p><iframe src=""http://slashdot.org/slashdot-it.pl?op=discuss&amp;id=5830997&amp;smallembed=1"" style=""height: 300px; width: 100%; border: none;""></iframe><img width='1' height='1' src='http://slashdot.feedsportal.com/c/35028/f/647410/s/3f7c697b/sc/4/mf.gif' border='0'/><br clear='all'/><br/><br/><a href=""http://da.feedsportal.com/r/210977231814/u/49/f/647410/c/35028/s/3f7c697b/sc/4/rc/1/rc.htm"" rel=""nofollow""><img src=""http://da.feedsportal.com/r/210977231814/u/49/f/647410/c/35028/s/3f7c697b/sc/4/rc/1/rc.img"" border=""0""/></a><br/><a href=""http://da.feedsportal.com/r/210977231814/u/49/f/647410/c/35028/s/3f7c697b/sc/4/rc/2/rc.htm"" rel=""nofollow""><img src=""http://da.feedsportal.com/r/210977231814/u/49/f/647410/c/35028/s/3f7c697b/sc/4/rc/2/rc.img"" border=""0""/></a><br/><a href=""http://da.feedsportal.com/r/210977231814/u/49/f/647410/c/35028/s/3f7c697b/sc/4/rc/3/rc.htm"" rel=""nofollow""><img src=""http://da.feedsportal.com/r/210977231814/u/49/f/647410/c/35028/s/3f7c697b/sc/4/rc/3/rc.img"" border=""0""/></a><br/><br/><a href=""http://da.feedsportal.com/r/210977231814/u/49/f/647410/c/35028/s/3f7c697b/sc/4/a2.htm""><img src=""http://da.feedsportal.com/r/210977231814/u/49/f/647410/c/35028/s/3f7c697b/sc/4/a2.img"" border=""0""/></a><img width=""1"" height=""1"" src=""http://pi.feedsportal.com/r/210977231814/u/49/f/647410/c/35028/s/3f7c697b/sc/4/a2t.img"" border=""0""/><img src=""http://feeds.feedburner.com/~r/Slashdot/slashdot/~4/B9xARSg9gFY"" height=""1"" width=""1""/>"
Forecast for Ebola Worsens as Mortality Rate Rises (NY Times),http://news.feedzilla.com/en_us/stories/science/402942507?client_source=api&format=json,"The World Health Organization released new figures and said that the number of
new cases could reach 10,000 per week by December.

"
Garrett Lisi Explains His Grand Unified Theory (Scientific American),http://news.feedzilla.com/en_us/stories/science/403172753?client_source=api&format=json,"Deep down, the particles and forces of the universe are a manifestation of
exquisite geometry


-- Read more on ScientificAmerican.com

"
Google Finds Vulnerability In SSL 3.0 Web Encryption,http://rss.slashdot.org/~r/Slashdot/slashdot/~3/HcwEZmtam7M/story01.htm,"AlbanX sends word that security researchers from Google have published details on a vulnerability in SSL 3.0 that can allow an attacker to calculate the plaintext of encrypted communications. Google's Bodo Moller writes, SSL 3.0 is nearly 15 years old, but support for it remains widespread. Most importantly, nearly all browsers support it and, in order to work around bugs in HTTPS servers, browsers will retry failed connections with older protocol versions, including SSL 3.0. Because a network attacker can cause connection failures, they can trigger the use of SSL 3.0 and then exploit this issue. Disabling SSL 3.0 support, or CBC-mode ciphers with SSL 3.0, is sufficient to mitigate this issue, but presents significant compatibility problems, even today. Therefore our recommended response (PDF) is to support TLS_FALLBACK_SCSV. This is a mechanism that solves the problems caused by retrying failed connections and thus prevents attackers from inducing browsers to use SSL 3.0. It also prevents downgrades from TLS 1.2 to 1.1 or 1.0 and so may help prevent future attacks.<p><div class=""share_submission"" style=""position:relative;""> <a class=""slashpop"" href=""http://twitter.com/home?status=Google+Finds+Vulnerability+In+SSL+3.0+Web+Encryption%3A+http%3A%2F%2Fbit.ly%2F1vsXu6Y""><img src=""http://a.fsdn.com/sd/twitter_icon_large.png""></a> <a class=""slashpop"" href=""http://www.facebook.com/sharer.php?u=http%3A%2F%2Fit.slashdot.org%2Fstory%2F14%2F10%2F15%2F000239%2Fgoogle-finds-vulnerability-in-ssl-30-web-encryption%3Futm_source%3Dslashdot%26utm_medium%3Dfacebook""><img src=""http://a.fsdn.com/sd/facebook_icon_large.png""></a> <a class=""nobg"" href=""http://plus.google.com/share?url=http://it.slashdot.org/story/14/10/15/000239/google-finds-vulnerability-in-ssl-30-web-encryption?utm_source=slashdot&amp;utm_medium=googleplus"" onclick=""javascript:window.open(this.href,'', 'menubar=no,toolbar=no,resizable=yes,scrollbars=yes,height=600,width=600');return false;""><img src=""http://www.gstatic.com/images/icons/gplus-16.png"" alt=""Share on Google+""/></a> </div></p><p><a href=""http://it.slashdot.org/story/14/10/15/000239/google-finds-vulnerability-in-ssl-30-web-encryption?utm_source=rss1.0moreanon&amp;utm_medium=feed"">Read more of this story</a> at Slashdot.</p><iframe src=""http://slashdot.org/slashdot-it.pl?op=discuss&amp;id=5827657&amp;smallembed=1"" style=""height: 300px; width: 100%; border: none;""></iframe><img width='1' height='1' src='http://slashdot.feedsportal.com/c/35028/f/647410/s/3f758c29/sc/21/mf.gif' border='0'/><br clear='all'/><br/><br/><a href=""http://da.feedsportal.com/r/210474333742/u/49/f/647410/c/35028/s/3f758c29/sc/21/rc/1/rc.htm"" rel=""nofollow""><img src=""http://da.feedsportal.com/r/210474333742/u/49/f/647410/c/35028/s/3f758c29/sc/21/rc/1/rc.img"" border=""0""/></a><br/><a href=""http://da.feedsportal.com/r/210474333742/u/49/f/647410/c/35028/s/3f758c29/sc/21/rc/2/rc.htm"" rel=""nofollow""><img src=""http://da.feedsportal.com/r/210474333742/u/49/f/647410/c/35028/s/3f758c29/sc/21/rc/2/rc.img"" border=""0""/></a><br/><a href=""http://da.feedsportal.com/r/210474333742/u/49/f/647410/c/35028/s/3f758c29/sc/21/rc/3/rc.htm"" rel=""nofollow""><img src=""http://da.feedsportal.com/r/210474333742/u/49/f/647410/c/35028/s/3f758c29/sc/21/rc/3/rc.img"" border=""0""/></a><br/><br/><a href=""http://da.feedsportal.com/r/210474333742/u/49/f/647410/c/35028/s/3f758c29/sc/21/a2.htm""><img src=""http://da.feedsportal.com/r/210474333742/u/49/f/647410/c/35028/s/3f758c29/sc/21/a2.img"" border=""0""/></a><img width=""1"" height=""1"" src=""http://pi.feedsportal.com/r/210474333742/u/49/f/647410/c/35028/s/3f758c29/sc/21/a2t.img"" border=""0""/><img src=""http://feeds.feedburner.com/~r/Slashdot/slashdot/~4/HcwEZmtam7M"" height=""1"" width=""1""/>"
HBO to launch online-only service (CBS News),http://news.feedzilla.com/en_us/stories/science/403192248?client_source=api&format=json,"HBO announces plans to offer a streaming video option for customers who don't
want to pay for premium cable

"
How Women Became Gamers Through D&amp;D,http://rss.slashdot.org/~r/Slashdot/slashdot/~3/2P9K6K42vcQ/story01.htm,"An anonymous reader writes: To add some historical context to the currently controversy surrounding attitudes toward women in gaming, Jon Peterson provides an in-depth historical look at the unsurprisingly male origins of the ""gamer"" identity. It also examines how Dungeons &amp; Dragons helped to open the door for women in gaming &mdash; overturning a sixty-year-old dogma that was born when Wells's Little Wars first assumed the ""disdain"" of women for gaming.<p><div class=""share_submission"" style=""position:relative;""> <a class=""slashpop"" href=""http://twitter.com/home?status=How+Women+Became+Gamers+Through+D%26amp%3BD%3A+http%3A%2F%2Fbit.ly%2F1sdlHKL""><img src=""http://a.fsdn.com/sd/twitter_icon_large.png""></a> <a class=""slashpop"" href=""http://www.facebook.com/sharer.php?u=http%3A%2F%2Fgames.slashdot.org%2Fstory%2F14%2F10%2F14%2F2120239%2Fhow-women-became-gamers-through-dd%3Futm_source%3Dslashdot%26utm_medium%3Dfacebook""><img src=""http://a.fsdn.com/sd/facebook_icon_large.png""></a> <a class=""nobg"" href=""http://plus.google.com/share?url=http://games.slashdot.org/story/14/10/14/2120239/how-women-became-gamers-through-dd?utm_source=slashdot&amp;utm_medium=googleplus"" onclick=""javascript:window.open(this.href,'', 'menubar=no,toolbar=no,resizable=yes,scrollbars=yes,height=600,width=600');return false;""><img src=""http://www.gstatic.com/images/icons/gplus-16.png"" alt=""Share on Google+""/></a> </div></p><p><a href=""http://games.slashdot.org/story/14/10/14/2120239/how-women-became-gamers-through-dd?utm_source=rss1.0moreanon&amp;utm_medium=feed"">Read more of this story</a> at Slashdot.</p><iframe src=""http://slashdot.org/slashdot-it.pl?op=discuss&amp;id=5827369&amp;smallembed=1"" style=""height: 300px; width: 100%; border: none;""></iframe><img width='1' height='1' src='http://slashdot.feedsportal.com/c/35028/f/647410/s/3f7488a4/sc/38/mf.gif' border='0'/><br clear='all'/><br/><br/><a href=""http://da.feedsportal.com/r/210474347133/u/49/f/647410/c/35028/s/3f7488a4/sc/38/rc/1/rc.htm"" rel=""nofollow""><img src=""http://da.feedsportal.com/r/210474347133/u/49/f/647410/c/35028/s/3f7488a4/sc/38/rc/1/rc.img"" border=""0""/></a><br/><a href=""http://da.feedsportal.com/r/210474347133/u/49/f/647410/c/35028/s/3f7488a4/sc/38/rc/2/rc.htm"" rel=""nofollow""><img src=""http://da.feedsportal.com/r/210474347133/u/49/f/647410/c/35028/s/3f7488a4/sc/38/rc/2/rc.img"" border=""0""/></a><br/><a href=""http://da.feedsportal.com/r/210474347133/u/49/f/647410/c/35028/s/3f7488a4/sc/38/rc/3/rc.htm"" rel=""nofollow""><img src=""http://da.feedsportal.com/r/210474347133/u/49/f/647410/c/35028/s/3f7488a4/sc/38/rc/3/rc.img"" border=""0""/></a><br/><br/><a href=""http://da.feedsportal.com/r/210474347133/u/49/f/647410/c/35028/s/3f7488a4/sc/38/a2.htm""><img src=""http://da.feedsportal.com/r/210474347133/u/49/f/647410/c/35028/s/3f7488a4/sc/38/a2.img"" border=""0""/></a><img width=""1"" height=""1"" src=""http://pi.feedsportal.com/r/210474347133/u/49/f/647410/c/35028/s/3f7488a4/sc/38/a2t.img"" border=""0""/><img src=""http://feeds.feedburner.com/~r/Slashdot/slashdot/~4/2P9K6K42vcQ"" height=""1"" width=""1""/>"
"If Your Cloud Vendor Goes Out of Business, Are You Ready?",http://rss.slashdot.org/~r/Slashdot/slashdot/~3/FPEpAF7wQmk/story01.htm,"storagedude writes: With Amazon Web Services losing an estimated $2 billion a year, it's not inconceivable that the cloud industry could go the way of storage service providers (remember them?). So any plan for cloud services must include a way to retrieve your data quickly in case your cloud service provider goes belly up without much notice (think Nirvanix). In an article at Enterprise Storage Forum, Henry Newman notes that recovering your data from the cloud quickly is a lot harder than you might think. Even if you have a dedicated OC-192 channel, it would take 11 days to move a petabyte of data &ndash; and that's with no contention or other latency. One possible solution: a failover agreement with a second cloud provider &ndash; and make sure it's legally binding.<p><div class=""share_submission"" style=""position:relative;""> <a class=""slashpop"" href=""http://twitter.com/home?status=If+Your+Cloud+Vendor+Goes+Out+of+Business%2C+Are+You+Ready%3F%3A+http%3A%2F%2Fbit.ly%2F1rulGOR""><img src=""http://a.fsdn.com/sd/twitter_icon_large.png""></a> <a class=""slashpop"" href=""http://www.facebook.com/sharer.php?u=http%3A%2F%2Fhardware.slashdot.org%2Fstory%2F14%2F10%2F15%2F0321203%2Fif-your-cloud-vendor-goes-out-of-business-are-you-ready%3Futm_source%3Dslashdot%26utm_medium%3Dfacebook""><img src=""http://a.fsdn.com/sd/facebook_icon_large.png""></a> <a class=""nobg"" href=""http://plus.google.com/share?url=http://hardware.slashdot.org/story/14/10/15/0321203/if-your-cloud-vendor-goes-out-of-business-are-you-ready?utm_source=slashdot&amp;utm_medium=googleplus"" onclick=""javascript:window.open(this.href,'', 'menubar=no,toolbar=no,resizable=yes,scrollbars=yes,height=600,width=600');return false;""><img src=""http://www.gstatic.com/images/icons/gplus-16.png"" alt=""Share on Google+""/></a> </div></p><p><a href=""http://hardware.slashdot.org/story/14/10/15/0321203/if-your-cloud-vendor-goes-out-of-business-are-you-ready?utm_source=rss1.0moreanon&amp;utm_medium=feed"">Read more of this story</a> at Slashdot.</p><iframe src=""http://slashdot.org/slashdot-it.pl?op=discuss&amp;id=5828067&amp;smallembed=1"" style=""height: 300px; width: 100%; border: none;""></iframe><img width='1' height='1' src='http://slashdot.feedsportal.com/c/35028/f/647410/s/3f7aba2c/sc/46/mf.gif' border='0'/><br clear='all'/><br/><br/><a href=""http://da.feedsportal.com/r/210474388764/u/49/f/647410/c/35028/s/3f7aba2c/sc/46/rc/1/rc.htm"" rel=""nofollow""><img src=""http://da.feedsportal.com/r/210474388764/u/49/f/647410/c/35028/s/3f7aba2c/sc/46/rc/1/rc.img"" border=""0""/></a><br/><a href=""http://da.feedsportal.com/r/210474388764/u/49/f/647410/c/35028/s/3f7aba2c/sc/46/rc/2/rc.htm"" rel=""nofollow""><img src=""http://da.feedsportal.com/r/210474388764/u/49/f/647410/c/35028/s/3f7aba2c/sc/46/rc/2/rc.img"" border=""0""/></a><br/><a href=""http://da.feedsportal.com/r/210474388764/u/49/f/647410/c/35028/s/3f7aba2c/sc/46/rc/3/rc.htm"" rel=""nofollow""><img src=""http://da.feedsportal.com/r/210474388764/u/49/f/647410/c/35028/s/3f7aba2c/sc/46/rc/3/rc.img"" border=""0""/></a><br/><br/><a href=""http://da.feedsportal.com/r/210474388764/u/49/f/647410/c/35028/s/3f7aba2c/sc/46/a2.htm""><img src=""http://da.feedsportal.com/r/210474388764/u/49/f/647410/c/35028/s/3f7aba2c/sc/46/a2.img"" border=""0""/></a><img width=""1"" height=""1"" src=""http://pi.feedsportal.com/r/210474388764/u/49/f/647410/c/35028/s/3f7aba2c/sc/46/a2t.img"" border=""0""/><img src=""http://feeds.feedburner.com/~r/Slashdot/slashdot/~4/FPEpAF7wQmk"" height=""1"" width=""1""/>"
KDE Releases Plasma 5.1,http://rss.slashdot.org/~r/Slashdot/slashdot/~3/Wc0DO-uFYbY/story01.htm,"jrepin notes the release of KDE Plasma 5.1. Quoting the release announcement: KDE Plasma 5.1 sports a wide variety of improvements, leading to greater stability, better performance and new and improved features. Thanks to the feedback of the community, KDE developers were able to package a large number of fixes and enhancements into this release, among which more complete and higher quality artwork following the new-in-5.0 Breeze style, re-addition of popular features such as the Icon Tasks taskswitcher and improved stability and performance. Those traveling regularly will enjoy better support for time zones in the panel's clock, while those staying at home a revamped clipboard manager, allowing you to easily get at your past clipboard's content. The Breeze widget style is now also available for Qt4-based applications, leading to greater consistency across applications. The work to support Wayland as display server for Plasma is still ongoing, with improved, but not complete support in 5.1. Changes throughout many default components improve accessibility for visually impaired users by adding support for screenreaders and improved keyboard navigation. Aside from the visual improvements and the work on features, the focus of this release lies also on stability and performance improvements, with over 180 bugs resolved since 5.0 in the shell alone.""<p><div class=""share_submission"" style=""position:relative;""> <a class=""slashpop"" href=""http://twitter.com/home?status=KDE+Releases+Plasma+5.1%3A+http%3A%2F%2Fbit.ly%2F1yDHeRN""><img src=""http://a.fsdn.com/sd/twitter_icon_large.png""></a> <a class=""slashpop"" href=""http://www.facebook.com/sharer.php?u=http%3A%2F%2Ftech.slashdot.org%2Fstory%2F14%2F10%2F15%2F156220%2Fkde-releases-plasma-51%3Futm_source%3Dslashdot%26utm_medium%3Dfacebook""><img src=""http://a.fsdn.com/sd/facebook_icon_large.png""></a> <a class=""nobg"" href=""http://plus.google.com/share?url=http://tech.slashdot.org/story/14/10/15/156220/kde-releases-plasma-51?utm_source=slashdot&amp;utm_medium=googleplus"" onclick=""javascript:window.open(this.href,'', 'menubar=no,toolbar=no,resizable=yes,scrollbars=yes,height=600,width=600');return false;""><img src=""http://www.gstatic.com/images/icons/gplus-16.png"" alt=""Share on Google+""/></a> </div></p><p><a href=""http://tech.slashdot.org/story/14/10/15/156220/kde-releases-plasma-51?utm_source=rss1.0moreanon&amp;utm_medium=feed"">Read more of this story</a> at Slashdot.</p><iframe src=""http://slashdot.org/slashdot-it.pl?op=discuss&amp;id=5831361&amp;smallembed=1"" style=""height: 300px; width: 100%; border: none;""></iframe><img width='1' height='1' src='http://slashdot.feedsportal.com/c/35028/f/647410/s/3f7c7766/sc/4/mf.gif' border='0'/><br clear='all'/><br/><br/><a href=""http://da.feedsportal.com/r/210977233368/u/49/f/647410/c/35028/s/3f7c7766/sc/4/rc/1/rc.htm"" rel=""nofollow""><img src=""http://da.feedsportal.com/r/210977233368/u/49/f/647410/c/35028/s/3f7c7766/sc/4/rc/1/rc.img"" border=""0""/></a><br/><a href=""http://da.feedsportal.com/r/210977233368/u/49/f/647410/c/35028/s/3f7c7766/sc/4/rc/2/rc.htm"" rel=""nofollow""><img src=""http://da.feedsportal.com/r/210977233368/u/49/f/647410/c/35028/s/3f7c7766/sc/4/rc/2/rc.img"" border=""0""/></a><br/><a href=""http://da.feedsportal.com/r/210977233368/u/49/f/647410/c/35028/s/3f7c7766/sc/4/rc/3/rc.htm"" rel=""nofollow""><img src=""http://da.feedsportal.com/r/210977233368/u/49/f/647410/c/35028/s/3f7c7766/sc/4/rc/3/rc.img"" border=""0""/></a><br/><br/><a href=""http://da.feedsportal.com/r/210977233368/u/49/f/647410/c/35028/s/3f7c7766/sc/4/a2.htm""><img src=""http://da.feedsportal.com/r/210977233368/u/49/f/647410/c/35028/s/3f7c7766/sc/4/a2.img"" border=""0""/></a><img width=""1"" height=""1"" src=""http://pi.feedsportal.com/r/210977233368/u/49/f/647410/c/35028/s/3f7c7766/sc/4/a2t.img"" border=""0""/><img src=""http://feeds.feedburner.com/~r/Slashdot/slashdot/~4/Wc0DO-uFYbY"" height=""1"" width=""1""/>"
Lockheed Claims Breakthrough On Fusion Energy Project,http://rss.slashdot.org/~r/Slashdot/slashdot/~3/_gqCzywul0A/story01.htm,"Lockheed Martin claims it has made a significant breakthrough in the creation of nuclear fusion reactors. The company says it has proved the feasibility of building a 100MW reactor measuring only 7 feet by 10 feet. They say the design can be built and tested within a year, and they expect an operational reactor within a decade. The project is coming out of stealth mode now to seek partners within academia, government, and industry. ""Lockheed sees the project as part of a comprehensive approach to solving global energy and climate change problems. Compact nuclear fusion would also produce far less waste than coal-powered plants, and future reactors could eliminate radioactive waste completely, the company said.""<p><div class=""share_submission"" style=""position:relative;""> <a class=""slashpop"" href=""http://twitter.com/home?status=Lockheed+Claims+Breakthrough+On+Fusion+Energy+Project%3A+http%3A%2F%2Fbit.ly%2FZZbokm""><img src=""http://a.fsdn.com/sd/twitter_icon_large.png""></a> <a class=""slashpop"" href=""http://www.facebook.com/sharer.php?u=http%3A%2F%2Fhardware.slashdot.org%2Fstory%2F14%2F10%2F15%2F1327230%2Flockheed-claims-breakthrough-on-fusion-energy-project%3Futm_source%3Dslashdot%26utm_medium%3Dfacebook""><img src=""http://a.fsdn.com/sd/facebook_icon_large.png""></a> <a class=""nobg"" href=""http://plus.google.com/share?url=http://hardware.slashdot.org/story/14/10/15/1327230/lockheed-claims-breakthrough-on-fusion-energy-project?utm_source=slashdot&amp;utm_medium=googleplus"" onclick=""javascript:window.open(this.href,'', 'menubar=no,toolbar=no,resizable=yes,scrollbars=yes,height=600,width=600');return false;""><img src=""http://www.gstatic.com/images/icons/gplus-16.png"" alt=""Share on Google+""/></a> </div></p><p><a href=""http://hardware.slashdot.org/story/14/10/15/1327230/lockheed-claims-breakthrough-on-fusion-energy-project?utm_source=rss1.0moreanon&amp;utm_medium=feed"">Read more of this story</a> at Slashdot.</p><iframe src=""http://slashdot.org/slashdot-it.pl?op=discuss&amp;id=5831059&amp;smallembed=1"" style=""height: 300px; width: 100%; border: none;""></iframe><img width='1' height='1' src='http://slashdot.feedsportal.com/c/35028/f/647410/s/3f7b3a58/sc/31/mf.gif' border='0'/><br clear='all'/><br/><br/><a href=""http://da.feedsportal.com/r/210474397746/u/49/f/647410/c/35028/s/3f7b3a58/sc/31/rc/1/rc.htm"" rel=""nofollow""><img src=""http://da.feedsportal.com/r/210474397746/u/49/f/647410/c/35028/s/3f7b3a58/sc/31/rc/1/rc.img"" border=""0""/></a><br/><a href=""http://da.feedsportal.com/r/210474397746/u/49/f/647410/c/35028/s/3f7b3a58/sc/31/rc/2/rc.htm"" rel=""nofollow""><img src=""http://da.feedsportal.com/r/210474397746/u/49/f/647410/c/35028/s/3f7b3a58/sc/31/rc/2/rc.img"" border=""0""/></a><br/><a href=""http://da.feedsportal.com/r/210474397746/u/49/f/647410/c/35028/s/3f7b3a58/sc/31/rc/3/rc.htm"" rel=""nofollow""><img src=""http://da.feedsportal.com/r/210474397746/u/49/f/647410/c/35028/s/3f7b3a58/sc/31/rc/3/rc.img"" border=""0""/></a><br/><br/><a href=""http://da.feedsportal.com/r/210474397746/u/49/f/647410/c/35028/s/3f7b3a58/sc/31/a2.htm""><img src=""http://da.feedsportal.com/r/210474397746/u/49/f/647410/c/35028/s/3f7b3a58/sc/31/a2.img"" border=""0""/></a><img width=""1"" height=""1"" src=""http://pi.feedsportal.com/r/210474397746/u/49/f/647410/c/35028/s/3f7b3a58/sc/31/a2t.img"" border=""0""/><img src=""http://feeds.feedburner.com/~r/Slashdot/slashdot/~4/_gqCzywul0A"" height=""1"" width=""1""/>"
MAVEN Spies Mars' Atmosphere Leaching Out Into Space,http://rss.slashdot.org/~r/Slashdot/slashdot/~3/A1399dxiXc4/story01.htm,"astroengine writes: Early results from NASA's recently arrived MAVEN Mars spacecraft show an extensive, tenuous cloud of hydrogen surrounding the red planet, the result of water breaking down in the atmosphere, scientists said Tuesday. MAVEN, an acronym for Mars Atmosphere and Volatile Evolution, arrived on Sept. 21 to help answer questions about what caused a planet that was once warm and wet to turn into the cold, dry desert that appears today. ""It's measurements like these that will allow us to estimate the escape rate of hydrogen from the Martian atmosphere to space today. It's an important measurement to make because the hydrogen ... comes from water lower down in the atmosphere,"" MAVEN scientist Mike Chaffin, with the University of Colorado, Boulder, told reporters on a conference call.<p><div class=""share_submission"" style=""position:relative;""> <a class=""slashpop"" href=""http://twitter.com/home?status=MAVEN+Spies+Mars'+Atmosphere+Leaching+Out+Into+Space%3A+http%3A%2F%2Fbit.ly%2F1vtLL8g""><img src=""http://a.fsdn.com/sd/twitter_icon_large.png""></a> <a class=""slashpop"" href=""http://www.facebook.com/sharer.php?u=http%3A%2F%2Fscience.slashdot.org%2Fstory%2F14%2F10%2F15%2F0147224%2Fmaven-spies-mars-atmosphere-leaching-out-into-space%3Futm_source%3Dslashdot%26utm_medium%3Dfacebook""><img src=""http://a.fsdn.com/sd/facebook_icon_large.png""></a> <a class=""nobg"" href=""http://plus.google.com/share?url=http://science.slashdot.org/story/14/10/15/0147224/maven-spies-mars-atmosphere-leaching-out-into-space?utm_source=slashdot&amp;utm_medium=googleplus"" onclick=""javascript:window.open(this.href,'', 'menubar=no,toolbar=no,resizable=yes,scrollbars=yes,height=600,width=600');return false;""><img src=""http://www.gstatic.com/images/icons/gplus-16.png"" alt=""Share on Google+""/></a> </div></p><p><a href=""http://science.slashdot.org/story/14/10/15/0147224/maven-spies-mars-atmosphere-leaching-out-into-space?utm_source=rss1.0moreanon&amp;utm_medium=feed"">Read more of this story</a> at Slashdot.</p><iframe src=""http://slashdot.org/slashdot-it.pl?op=discuss&amp;id=5827831&amp;smallembed=1"" style=""height: 300px; width: 100%; border: none;""></iframe><img width='1' height='1' src='http://slashdot.feedsportal.com/c/35028/f/647410/s/3f7af676/sc/32/mf.gif' border='0'/><br clear='all'/><img src=""http://feeds.feedburner.com/~r/Slashdot/slashdot/~4/A1399dxiXc4"" height=""1"" width=""1""/>"
MAVEN Spies Mars' Atmosphere Leeching Out Into Space,http://rss.slashdot.org/~r/Slashdot/slashdot/~3/0IhfITaarBE/story01.htm,"astroengine writes: Early results from NASA's recently arrived MAVEN Mars spacecraft show an extensive, tenuous cloud of hydrogen surrounding the red planet, the result of water breaking down in the atmosphere, scientists said Tuesday. MAVEN, an acronym for Mars Atmosphere and Volatile Evolution, arrived on Sept. 21 to help answer questions about what caused a planet that was once warm and wet to turn into the cold, dry desert that appears today. ""It's measurements like these that will allow us to estimate the escape rate of hydrogen from the Martian atmosphere to space today. It's an important measurement to make because the hydrogen ... comes from water lower down in the atmosphere,"" MAVEN scientist Mike Chaffin, with the University of Colorado, Boulder, told reporters on a conference call.<p><div class=""share_submission"" style=""position:relative;""> <a class=""slashpop"" href=""http://twitter.com/home?status=MAVEN+Spies+Mars'+Atmosphere+Leeching+Out+Into+Space%3A+http%3A%2F%2Fbit.ly%2F1vtLL8g""><img src=""http://a.fsdn.com/sd/twitter_icon_large.png""></a> <a class=""slashpop"" href=""http://www.facebook.com/sharer.php?u=http%3A%2F%2Fscience.slashdot.org%2Fstory%2F14%2F10%2F15%2F0147224%2Fmaven-spies-mars-atmosphere-leeching-out-into-space%3Futm_source%3Dslashdot%26utm_medium%3Dfacebook""><img src=""http://a.fsdn.com/sd/facebook_icon_large.png""></a> <a class=""nobg"" href=""http://plus.google.com/share?url=http://science.slashdot.org/story/14/10/15/0147224/maven-spies-mars-atmosphere-leeching-out-into-space?utm_source=slashdot&amp;utm_medium=googleplus"" onclick=""javascript:window.open(this.href,'', 'menubar=no,toolbar=no,resizable=yes,scrollbars=yes,height=600,width=600');return false;""><img src=""http://www.gstatic.com/images/icons/gplus-16.png"" alt=""Share on Google+""/></a> </div></p><p><a href=""http://science.slashdot.org/story/14/10/15/0147224/maven-spies-mars-atmosphere-leeching-out-into-space?utm_source=rss1.0moreanon&amp;utm_medium=feed"">Read more of this story</a> at Slashdot.</p><iframe src=""http://slashdot.org/slashdot-it.pl?op=discuss&amp;id=5827831&amp;smallembed=1"" style=""height: 300px; width: 100%; border: none;""></iframe><img width='1' height='1' src='http://slashdot.feedsportal.com/c/35028/f/647410/s/3f77623e/sc/30/mf.gif' border='0'/><br clear='all'/><br/><br/><a href=""http://da.feedsportal.com/r/210474377419/u/49/f/647410/c/35028/s/3f77623e/sc/30/rc/1/rc.htm"" rel=""nofollow""><img src=""http://da.feedsportal.com/r/210474377419/u/49/f/647410/c/35028/s/3f77623e/sc/30/rc/1/rc.img"" border=""0""/></a><br/><a href=""http://da.feedsportal.com/r/210474377419/u/49/f/647410/c/35028/s/3f77623e/sc/30/rc/2/rc.htm"" rel=""nofollow""><img src=""http://da.feedsportal.com/r/210474377419/u/49/f/647410/c/35028/s/3f77623e/sc/30/rc/2/rc.img"" border=""0""/></a><br/><a href=""http://da.feedsportal.com/r/210474377419/u/49/f/647410/c/35028/s/3f77623e/sc/30/rc/3/rc.htm"" rel=""nofollow""><img src=""http://da.feedsportal.com/r/210474377419/u/49/f/647410/c/35028/s/3f77623e/sc/30/rc/3/rc.img"" border=""0""/></a><br/><br/><a href=""http://da.feedsportal.com/r/210474377419/u/49/f/647410/c/35028/s/3f77623e/sc/30/a2.htm""><img src=""http://da.feedsportal.com/r/210474377419/u/49/f/647410/c/35028/s/3f77623e/sc/30/a2.img"" border=""0""/></a><img width=""1"" height=""1"" src=""http://pi.feedsportal.com/r/210474377419/u/49/f/647410/c/35028/s/3f77623e/sc/30/a2t.img"" border=""0""/><img src=""http://feeds.feedburner.com/~r/Slashdot/slashdot/~4/0IhfITaarBE"" height=""1"" width=""1""/>"
Meager Dosage Data for Kids Makes for Uncertain Prescriptions (Scientific American),http://news.feedzilla.com/en_us/stories/science/403157783?client_source=api&format=json,"Clinical trials rarely include children; as a result, less than half of all
drugs are approved for pediatric use. What can be done?


-- Read more on ScientificAmerican.com

"
"Microsoft, Facebook Declare European Kids Clueless About Coding, Too",http://rss.slashdot.org/~r/Slashdot/slashdot/~3/TmryMrSO4gc/story01.htm,"theodp writes: Having declared U.S. kids clueless about coding, Facebook and Microsoft are now turning their attention to Europe's young 'uns. ""As stewards of Europe's future generations,"" begins the Open Letter to the European Union Ministers for Education signed by Facebook and Microsoft, ""you will be all too aware that as early as the age of 7, children reach a critical juncture, when they are learning the core life skills of reading, writing and basic maths. However, to flourish in tomorrow's digital economy and society, they should also be learning to code. And many, sadly, are not."" Released at the launch of the European Coding Initiative &mdash; aka All You Need is Code! (video) &mdash; in conjunction with the EU's Code Week, the letter closes, ""As experts in our field, we owe it to Europe's youth to help equip them with the skills they will need to succeed &mdash; regardless of where life takes them.""<p><div class=""share_submission"" style=""position:relative;""> <a class=""slashpop"" href=""http://twitter.com/home?status=Microsoft%2C+Facebook+Declare+European+Kids+Clueless+About+Coding%2C+Too%3A+http%3A%2F%2Fbit.ly%2F1r9IsM3""><img src=""http://a.fsdn.com/sd/twitter_icon_large.png""></a> <a class=""slashpop"" href=""http://www.facebook.com/sharer.php?u=http%3A%2F%2Fdevelopers.slashdot.org%2Fstory%2F14%2F10%2F15%2F1235229%2Fmicrosoft-facebook-declare-european-kids-clueless-about-coding-too%3Futm_source%3Dslashdot%26utm_medium%3Dfacebook""><img src=""http://a.fsdn.com/sd/facebook_icon_large.png""></a> <a class=""nobg"" href=""http://plus.google.com/share?url=http://developers.slashdot.org/story/14/10/15/1235229/microsoft-facebook-declare-european-kids-clueless-about-coding-too?utm_source=slashdot&amp;utm_medium=googleplus"" onclick=""javascript:window.open(this.href,'', 'menubar=no,toolbar=no,resizable=yes,scrollbars=yes,height=600,width=600');return false;""><img src=""http://www.gstatic.com/images/icons/gplus-16.png"" alt=""Share on Google+""/></a> </div></p><p><a href=""http://developers.slashdot.org/story/14/10/15/1235229/microsoft-facebook-declare-european-kids-clueless-about-coding-too?utm_source=rss1.0moreanon&amp;utm_medium=feed"">Read more of this story</a> at Slashdot.</p><iframe src=""http://slashdot.org/slashdot-it.pl?op=discuss&amp;id=5830851&amp;smallembed=1"" style=""height: 300px; width: 100%; border: none;""></iframe><img width='1' height='1' src='http://slashdot.feedsportal.com/c/35028/f/647410/s/3f7b6301/sc/4/mf.gif' border='0'/><br clear='all'/><br/><br/><a href=""http://da.feedsportal.com/r/210474392407/u/49/f/647410/c/35028/s/3f7b6301/sc/4/rc/1/rc.htm"" rel=""nofollow""><img src=""http://da.feedsportal.com/r/210474392407/u/49/f/647410/c/35028/s/3f7b6301/sc/4/rc/1/rc.img"" border=""0""/></a><br/><a href=""http://da.feedsportal.com/r/210474392407/u/49/f/647410/c/35028/s/3f7b6301/sc/4/rc/2/rc.htm"" rel=""nofollow""><img src=""http://da.feedsportal.com/r/210474392407/u/49/f/647410/c/35028/s/3f7b6301/sc/4/rc/2/rc.img"" border=""0""/></a><br/><a href=""http://da.feedsportal.com/r/210474392407/u/49/f/647410/c/35028/s/3f7b6301/sc/4/rc/3/rc.htm"" rel=""nofollow""><img src=""http://da.feedsportal.com/r/210474392407/u/49/f/647410/c/35028/s/3f7b6301/sc/4/rc/3/rc.img"" border=""0""/></a><br/><br/><a href=""http://da.feedsportal.com/r/210474392407/u/49/f/647410/c/35028/s/3f7b6301/sc/4/a2.htm""><img src=""http://da.feedsportal.com/r/210474392407/u/49/f/647410/c/35028/s/3f7b6301/sc/4/a2.img"" border=""0""/></a><img width=""1"" height=""1"" src=""http://pi.feedsportal.com/r/210474392407/u/49/f/647410/c/35028/s/3f7b6301/sc/4/a2t.img"" border=""0""/><img src=""http://feeds.feedburner.com/~r/Slashdot/slashdot/~4/TmryMrSO4gc"" height=""1"" width=""1""/>"
Millions of Voiceprints Quietly Being Harvested,http://rss.slashdot.org/~r/Slashdot/slashdot/~3/xOZjsUkp-WM/story01.htm,"An anonymous reader sends this excerpt from The Guardian: Businesses and governments around the world increasingly are turning to voice biometrics, or voiceprints, to pay pensions, collect taxes, track criminals and replace passwords. ""We sometimes call it the invisible biometric,"" said Mike Goldgof, an executive at Madrid-based AGNITiO, one of about 10 leading companies in the field. Those companies have helped enter more than 65M voiceprints into corporate and government databases, according to Associated Press interviews with dozens of industry representatives and records requests in the United States, Europe and elsewhere. ... The single largest implementation identified by the AP is in Turkey, where the mobile phone company Turkcell has taken the voice biometric data of some 10 million customers using technology provided by market leader Nuance Communications Inc. But government agencies are catching up.<p><div class=""share_submission"" style=""position:relative;""> <a class=""slashpop"" href=""http://twitter.com/home?status=Millions+of+Voiceprints+Quietly+Being+Harvested%3A+http%3A%2F%2Fbit.ly%2F1vb8AvW""><img src=""http://a.fsdn.com/sd/twitter_icon_large.png""></a> <a class=""slashpop"" href=""http://www.facebook.com/sharer.php?u=http%3A%2F%2Fyro.slashdot.org%2Fstory%2F14%2F10%2F15%2F0046256%2Fmillions-of-voiceprints-quietly-being-harvested%3Futm_source%3Dslashdot%26utm_medium%3Dfacebook""><img src=""http://a.fsdn.com/sd/facebook_icon_large.png""></a> <a class=""nobg"" href=""http://plus.google.com/share?url=http://yro.slashdot.org/story/14/10/15/0046256/millions-of-voiceprints-quietly-being-harvested?utm_source=slashdot&amp;utm_medium=googleplus"" onclick=""javascript:window.open(this.href,'', 'menubar=no,toolbar=no,resizable=yes,scrollbars=yes,height=600,width=600');return false;""><img src=""http://www.gstatic.com/images/icons/gplus-16.png"" alt=""Share on Google+""/></a> </div></p><p><a href=""http://yro.slashdot.org/story/14/10/15/0046256/millions-of-voiceprints-quietly-being-harvested?utm_source=rss1.0moreanon&amp;utm_medium=feed"">Read more of this story</a> at Slashdot.</p><iframe src=""http://slashdot.org/slashdot-it.pl?op=discuss&amp;id=5827717&amp;smallembed=1"" style=""height: 300px; width: 100%; border: none;""></iframe><img width='1' height='1' src='http://slashdot.feedsportal.com/c/35028/f/647410/s/3f769e51/mf.gif' border='0'/><br clear='all'/><br/><br/><a href=""http://da.feedsportal.com/r/210474338860/u/49/f/647410/c/35028/s/3f769e51/rc/1/rc.htm"" rel=""nofollow""><img src=""http://da.feedsportal.com/r/210474338860/u/49/f/647410/c/35028/s/3f769e51/rc/1/rc.img"" border=""0""/></a><br/><a href=""http://da.feedsportal.com/r/210474338860/u/49/f/647410/c/35028/s/3f769e51/rc/2/rc.htm"" rel=""nofollow""><img src=""http://da.feedsportal.com/r/210474338860/u/49/f/647410/c/35028/s/3f769e51/rc/2/rc.img"" border=""0""/></a><br/><a href=""http://da.feedsportal.com/r/210474338860/u/49/f/647410/c/35028/s/3f769e51/rc/3/rc.htm"" rel=""nofollow""><img src=""http://da.feedsportal.com/r/210474338860/u/49/f/647410/c/35028/s/3f769e51/rc/3/rc.img"" border=""0""/></a><br/><br/><a href=""http://da.feedsportal.com/r/210474338860/u/49/f/647410/c/35028/s/3f769e51/a2.htm""><img src=""http://da.feedsportal.com/r/210474338860/u/49/f/647410/c/35028/s/3f769e51/a2.img"" border=""0""/></a><img width=""1"" height=""1"" src=""http://pi.feedsportal.com/r/210474338860/u/49/f/647410/c/35028/s/3f769e51/a2t.img"" border=""0""/><img src=""http://feeds.feedburner.com/~r/Slashdot/slashdot/~4/xOZjsUkp-WM"" height=""1"" width=""1""/>"
New Method Yields High-Quality Graphene Aerogels (pubs.acs),http://news.feedzilla.com/en_us/stories/science/403182961?client_source=api&format=json,"Nanomaterials: High-temperature annealing gives aerogels that could be used
for energy storage and catalysis

"
Oracle Database Certifications Are No Longer Permanent,http://rss.slashdot.org/~r/Slashdot/slashdot/~3/Op4eNnLjK1U/story01.htm,"jfruh writes: It used to be that you could get an Oracle database certification and declare yourself Oracle-certified for the rest of your career. That time is now over, causing a certain amount of consternation among DBAs. On the one hand, it makes sense that someone who's only been certified on a decade-old version of the product should need to prove they've updated their skills. On the other, Oracle charges for certification and will definitely profit from this shift.""<p><div class=""share_submission"" style=""position:relative;""> <a class=""slashpop"" href=""http://twitter.com/home?status=Oracle+Database+Certifications+Are+No+Longer+Permanent%3A+http%3A%2F%2Fbit.ly%2F1CjVcpA""><img src=""http://a.fsdn.com/sd/twitter_icon_large.png""></a> <a class=""slashpop"" href=""http://www.facebook.com/sharer.php?u=http%3A%2F%2Fdevelopers.slashdot.org%2Fstory%2F14%2F10%2F15%2F0213244%2Foracle-database-certifications-are-no-longer-permanent%3Futm_source%3Dslashdot%26utm_medium%3Dfacebook""><img src=""http://a.fsdn.com/sd/facebook_icon_large.png""></a> <a class=""nobg"" href=""http://plus.google.com/share?url=http://developers.slashdot.org/story/14/10/15/0213244/oracle-database-certifications-are-no-longer-permanent?utm_source=slashdot&amp;utm_medium=googleplus"" onclick=""javascript:window.open(this.href,'', 'menubar=no,toolbar=no,resizable=yes,scrollbars=yes,height=600,width=600');return false;""><img src=""http://www.gstatic.com/images/icons/gplus-16.png"" alt=""Share on Google+""/></a> </div></p><p><a href=""http://developers.slashdot.org/story/14/10/15/0213244/oracle-database-certifications-are-no-longer-permanent?utm_source=rss1.0moreanon&amp;utm_medium=feed"">Read more of this story</a> at Slashdot.</p><iframe src=""http://slashdot.org/slashdot-it.pl?op=discuss&amp;id=5827901&amp;smallembed=1"" style=""height: 300px; width: 100%; border: none;""></iframe><img width='1' height='1' src='http://slashdot.feedsportal.com/c/35028/f/647410/s/3f78a373/sc/36/mf.gif' border='0'/><br clear='all'/><br/><br/><a href=""http://da.feedsportal.com/r/210474388911/u/49/f/647410/c/35028/s/3f78a373/sc/36/rc/1/rc.htm"" rel=""nofollow""><img src=""http://da.feedsportal.com/r/210474388911/u/49/f/647410/c/35028/s/3f78a373/sc/36/rc/1/rc.img"" border=""0""/></a><br/><a href=""http://da.feedsportal.com/r/210474388911/u/49/f/647410/c/35028/s/3f78a373/sc/36/rc/2/rc.htm"" rel=""nofollow""><img src=""http://da.feedsportal.com/r/210474388911/u/49/f/647410/c/35028/s/3f78a373/sc/36/rc/2/rc.img"" border=""0""/></a><br/><a href=""http://da.feedsportal.com/r/210474388911/u/49/f/647410/c/35028/s/3f78a373/sc/36/rc/3/rc.htm"" rel=""nofollow""><img src=""http://da.feedsportal.com/r/210474388911/u/49/f/647410/c/35028/s/3f78a373/sc/36/rc/3/rc.img"" border=""0""/></a><br/><br/><a href=""http://da.feedsportal.com/r/210474388911/u/49/f/647410/c/35028/s/3f78a373/sc/36/a2.htm""><img src=""http://da.feedsportal.com/r/210474388911/u/49/f/647410/c/35028/s/3f78a373/sc/36/a2.img"" border=""0""/></a><img width=""1"" height=""1"" src=""http://pi.feedsportal.com/r/210474388911/u/49/f/647410/c/35028/s/3f78a373/sc/36/a2t.img"" border=""0""/><img src=""http://feeds.feedburner.com/~r/Slashdot/slashdot/~4/Op4eNnLjK1U"" height=""1"" width=""1""/>"
Otago Peninsula could face cat ban (APN),http://news.feedzilla.com/en_us/stories/science/403010622?client_source=api&format=json,"New homes on Otago Peninsula could soon come with a strict new planning rule -
no cats.The suggestion has come from environmental group Save the Otago
Peninsula (Stop), which wants to control the peninsula's cat population to
protect...

"
Oxygen-Free Recycling Technique Could Keep Tons Of Plastics From Landfills (Scientific American),http://news.feedzilla.com/en_us/stories/science/403157775?client_source=api&format=json,"Pyrolysis, which turns plastics into diesel and oils, could be scaled up
dramatically


-- Read more on ScientificAmerican.com

"
Paul Ryan: Science doesn't get climate change (climateark),http://news.feedzilla.com/en_us/stories/science/403024505?client_source=api&format=json,"MSNBC: A full 97% of researchers taking a stance on climate change say it`s
man-made, as do 97-98% of the most frequently-published climate scientists.
But according to Wisconsin Rep. Paul Ryan, they`re all wrong. When asked
during an election debate Monday if he believed humans cause climate change,
the former Republican vice presidential nominee joined the growing number of
Republicans who refuse to acknowledge the overwhelming scientific consensus
that humans are influencing the Earth`s climate. “I...

"
Positive Ebola Test In Second Texas Health Worker,http://rss.slashdot.org/~r/Slashdot/slashdot/~3/-vvj8dq_Epk/story01.htm,"mdsolar tips news that a second healthcare worker at Texas Health Presbyterian Hospital has tested positive for the Ebola virus. Like the nurse who tested positive a few days ago, this worker was involved in providing care to Eric Duncan, the Liberian man who seems to have brought the virus into the country. The CDC is working to identify further exposures to the local community, though the Times says a second infection among the 70+ medical professionals who were around Duncan is not unexpected. The largest U.S. nurses union says a lack of proper protective gear and constantly changing protocols are to blame for exposures. Meanwhile, the World Health Organization says infection rates in West Africa are such that within a few months, they can expect 10,000 new Ebola cases a week. They also say the death rate for the current outbreak has risen to 70 percent.<p><div class=""share_submission"" style=""position:relative;""> <a class=""slashpop"" href=""http://twitter.com/home?status=Positive+Ebola+Test+In+Second+Texas+Health+Worker%3A+http%3A%2F%2Fbit.ly%2F11n6ZYI""><img src=""http://a.fsdn.com/sd/twitter_icon_large.png""></a> <a class=""slashpop"" href=""http://www.facebook.com/sharer.php?u=http%3A%2F%2Fscience.slashdot.org%2Fstory%2F14%2F10%2F15%2F1213223%2Fpositive-ebola-test-in-second-texas-health-worker%3Futm_source%3Dslashdot%26utm_medium%3Dfacebook""><img src=""http://a.fsdn.com/sd/facebook_icon_large.png""></a> <a class=""nobg"" href=""http://plus.google.com/share?url=http://science.slashdot.org/story/14/10/15/1213223/positive-ebola-test-in-second-texas-health-worker?utm_source=slashdot&amp;utm_medium=googleplus"" onclick=""javascript:window.open(this.href,'', 'menubar=no,toolbar=no,resizable=yes,scrollbars=yes,height=600,width=600');return false;""><img src=""http://www.gstatic.com/images/icons/gplus-16.png"" alt=""Share on Google+""/></a> </div></p><p><a href=""http://science.slashdot.org/story/14/10/15/1213223/positive-ebola-test-in-second-texas-health-worker?utm_source=rss1.0moreanon&amp;utm_medium=feed"">Read more of this story</a> at Slashdot.</p><iframe src=""http://slashdot.org/slashdot-it.pl?op=discuss&amp;id=5830727&amp;smallembed=1"" style=""height: 300px; width: 100%; border: none;""></iframe><img width='1' height='1' src='http://slashdot.feedsportal.com/c/35028/f/647410/s/3f7ab2a3/sc/1/mf.gif' border='0'/><br clear='all'/><br/><br/><a href=""http://da.feedsportal.com/r/210474354053/u/49/f/647410/c/35028/s/3f7ab2a3/sc/1/rc/1/rc.htm"" rel=""nofollow""><img src=""http://da.feedsportal.com/r/210474354053/u/49/f/647410/c/35028/s/3f7ab2a3/sc/1/rc/1/rc.img"" border=""0""/></a><br/><a href=""http://da.feedsportal.com/r/210474354053/u/49/f/647410/c/35028/s/3f7ab2a3/sc/1/rc/2/rc.htm"" rel=""nofollow""><img src=""http://da.feedsportal.com/r/210474354053/u/49/f/647410/c/35028/s/3f7ab2a3/sc/1/rc/2/rc.img"" border=""0""/></a><br/><a href=""http://da.feedsportal.com/r/210474354053/u/49/f/647410/c/35028/s/3f7ab2a3/sc/1/rc/3/rc.htm"" rel=""nofollow""><img src=""http://da.feedsportal.com/r/210474354053/u/49/f/647410/c/35028/s/3f7ab2a3/sc/1/rc/3/rc.img"" border=""0""/></a><br/><br/><a href=""http://da.feedsportal.com/r/210474354053/u/49/f/647410/c/35028/s/3f7ab2a3/sc/1/a2.htm""><img src=""http://da.feedsportal.com/r/210474354053/u/49/f/647410/c/35028/s/3f7ab2a3/sc/1/a2.img"" border=""0""/></a><img width=""1"" height=""1"" src=""http://pi.feedsportal.com/r/210474354053/u/49/f/647410/c/35028/s/3f7ab2a3/sc/1/a2t.img"" border=""0""/><img src=""http://feeds.feedburner.com/~r/Slashdot/slashdot/~4/-vvj8dq_Epk"" height=""1"" width=""1""/>"
Prostate cancer's penchant for copper may be a fatal flaw (Eurekalert),http://news.feedzilla.com/en_us/stories/science/403056344?client_source=api&format=json,"Like discriminating thieves, prostate cancer tumors scavenge and hoard copper
that is an essential element in the body. But such avarice may be a fatal
weakness.

"
Retired Astronaut Chris Hadfield Releases Stunning Space Photos (Universe Today),http://news.feedzilla.com/en_us/stories/science/403196566?client_source=api&format=json,"Orbiting 200 miles above the Earth, Retired Astronaut Chris Hadfield could
easily photograph the ridges of the Himalayan Mountains, the textures of the
Sahara Desert and the shadows cast by the tallest buildings in Manhattan. “The
view of the world when you have it just right there through the visor of your
helmet is overpoweringly […]

"
Rumors of Cow Killings in India Deepen Rift Between Hindus and Muslims (New York Times),http://news.feedzilla.com/en_us/stories/science/403012776?client_source=api&format=json,"Looming state elections have whipped up the fight by Hindu activists to
protect cows and the rumors about their mistreatment at the hands of Muslims.

"
Spacewalkers race the clock to fix station’s electrical system (reuters),http://news.feedzilla.com/en_us/stories/science/403195657?client_source=api&format=json,"CAPE CANAVERAL Fla (Reuters) - A pair of spacewalking NASA astronauts hustled
and muscled through an electrical repair job outside the International Space
Station on Wednesday, completing their task with two minutes to spare.







"
Technology Heats Up the Adultery Arms Race,http://rss.slashdot.org/~r/Slashdot/slashdot/~3/KJMPNNoG6rw/story01.htm,"HughPickens.com writes: Michelle Cottle reports in The Atlantic that today, spouses have easy access to an array of sophisticated spy software that record every keystroke; compile detailed logs of calls, texts, and video chats; that track a phone's location in real time; recover deleted messages from all manner of devices (without having to touch said devices); and that turn phones into wiretapping equipment. One might assume that the proliferation of such spyware would have a chilling effect on extramarital activities. But according to Cottle, aspiring cheaters need not despair: software developers are also rolling out ever stealthier technology to help people conceal their affairs. Right or wrong, cheating apps tap into a potentially lucrative market and researchers regard the Internet as fertile ground for female infidelity in particular. ""Men tend to cheat for physical reasons and women for emotional reasons,"" says Katherine Hertlein. ""The Internet facilitates a lot of emotional disclosure and connections with someone else."" But virtual surveillance has its risks. Stumbling across an incriminating email your partner left open is one thing; premeditated spying can land you in court. A Minnesota man named Danny Lee Hormann, suspecting his wife of infidelity, installed a GPS tracker on her car and allegedly downloaded spyware onto her phone and the family computer. In March 2010, Hormann's wife had a mechanic search her car and found the tracker. She called the police, and Hormann spent a month in jail on stalking charges. ""I always tell people two things: (1) do it legally, and (2) do it right,"" says John Paul Lucich, a computer-forensics expert and the author of Cyber Lies, a do-it-yourself guide for spouses looking to become virtual sleuths. Lucich has worked his share of ugly divorces, and he stresses that even the most damning digital evidence of infidelity will prove worthless in court &mdash; and potentially land you in trouble &mdash; if improperly gathered. His blanket advice: Get a really good lawyer.<p><div class=""share_submission"" style=""position:relative;""> <a class=""slashpop"" href=""http://twitter.com/home?status=Technology+Heats+Up+the+Adultery+Arms+Race%3A+http%3A%2F%2Fbit.ly%2F1zaKeqa""><img src=""http://a.fsdn.com/sd/twitter_icon_large.png""></a> <a class=""slashpop"" href=""http://www.facebook.com/sharer.php?u=http%3A%2F%2Ftech.slashdot.org%2Fstory%2F14%2F10%2F15%2F1554234%2Ftechnology-heats-up-the-adultery-arms-race%3Futm_source%3Dslashdot%26utm_medium%3Dfacebook""><img src=""http://a.fsdn.com/sd/facebook_icon_large.png""></a> <a class=""nobg"" href=""http://plus.google.com/share?url=http://tech.slashdot.org/story/14/10/15/1554234/technology-heats-up-the-adultery-arms-race?utm_source=slashdot&amp;utm_medium=googleplus"" onclick=""javascript:window.open(this.href,'', 'menubar=no,toolbar=no,resizable=yes,scrollbars=yes,height=600,width=600');return false;""><img src=""http://www.gstatic.com/images/icons/gplus-16.png"" alt=""Share on Google+""/></a> </div></p><p><a href=""http://tech.slashdot.org/story/14/10/15/1554234/technology-heats-up-the-adultery-arms-race?utm_source=rss1.0moreanon&amp;utm_medium=feed"">Read more of this story</a> at Slashdot.</p><iframe src=""http://slashdot.org/slashdot-it.pl?op=discuss&amp;id=5831529&amp;smallembed=1"" style=""height: 300px; width: 100%; border: none;""></iframe><img width='1' height='1' src='http://slashdot.feedsportal.com/c/35028/f/647410/s/3f7d4019/sc/36/mf.gif' border='0'/><br clear='all'/><br/><br/><a href=""http://da.feedsportal.com/r/210474403348/u/49/f/647410/c/35028/s/3f7d4019/sc/36/rc/1/rc.htm"" rel=""nofollow""><img src=""http://da.feedsportal.com/r/210474403348/u/49/f/647410/c/35028/s/3f7d4019/sc/36/rc/1/rc.img"" border=""0""/></a><br/><a href=""http://da.feedsportal.com/r/210474403348/u/49/f/647410/c/35028/s/3f7d4019/sc/36/rc/2/rc.htm"" rel=""nofollow""><img src=""http://da.feedsportal.com/r/210474403348/u/49/f/647410/c/35028/s/3f7d4019/sc/36/rc/2/rc.img"" border=""0""/></a><br/><a href=""http://da.feedsportal.com/r/210474403348/u/49/f/647410/c/35028/s/3f7d4019/sc/36/rc/3/rc.htm"" rel=""nofollow""><img src=""http://da.feedsportal.com/r/210474403348/u/49/f/647410/c/35028/s/3f7d4019/sc/36/rc/3/rc.img"" border=""0""/></a><br/><br/><a href=""http://da.feedsportal.com/r/210474403348/u/49/f/647410/c/35028/s/3f7d4019/sc/36/a2.htm""><img src=""http://da.feedsportal.com/r/210474403348/u/49/f/647410/c/35028/s/3f7d4019/sc/36/a2.img"" border=""0""/></a><img width=""1"" height=""1"" src=""http://pi.feedsportal.com/r/210474403348/u/49/f/647410/c/35028/s/3f7d4019/sc/36/a2t.img"" border=""0""/><img src=""http://feeds.feedburner.com/~r/Slashdot/slashdot/~4/KJMPNNoG6rw"" height=""1"" width=""1""/>"
The Great Robocoin Rip-off,http://rss.slashdot.org/~r/Slashdot/slashdot/~3/KpdCS3t0YEA/story01.htm,"FhnuZoag writes: Last year, Andrew Wilkinson, founder of MetaLab, bought a Robocoin Bitcoin ATM, figuring it would be a fun little side project and a good way to help move Bitcoin forward. It did not quite turn out that way. He has now written a timeline of the 10-month, $25,000(CAD) struggle. In short: there was a massive shipping delay, a $2,000 charge to clear customs, no knowledge base, unhelpful support, and the ATM itself flat out didn't work.<p><div class=""share_submission"" style=""position:relative;""> <a class=""slashpop"" href=""http://twitter.com/home?status=The+Great+Robocoin+Rip-off%3A+http%3A%2F%2Fbit.ly%2FZsVJsd""><img src=""http://a.fsdn.com/sd/twitter_icon_large.png""></a> <a class=""slashpop"" href=""http://www.facebook.com/sharer.php?u=http%3A%2F%2Ftech.slashdot.org%2Fstory%2F14%2F10%2F15%2F1458249%2Fthe-great-robocoin-rip-off%3Futm_source%3Dslashdot%26utm_medium%3Dfacebook""><img src=""http://a.fsdn.com/sd/facebook_icon_large.png""></a> <a class=""nobg"" href=""http://plus.google.com/share?url=http://tech.slashdot.org/story/14/10/15/1458249/the-great-robocoin-rip-off?utm_source=slashdot&amp;utm_medium=googleplus"" onclick=""javascript:window.open(this.href,'', 'menubar=no,toolbar=no,resizable=yes,scrollbars=yes,height=600,width=600');return false;""><img src=""http://www.gstatic.com/images/icons/gplus-16.png"" alt=""Share on Google+""/></a> </div></p><p><a href=""http://tech.slashdot.org/story/14/10/15/1458249/the-great-robocoin-rip-off?utm_source=rss1.0moreanon&amp;utm_medium=feed"">Read more of this story</a> at Slashdot.</p><iframe src=""http://slashdot.org/slashdot-it.pl?op=discuss&amp;id=5831341&amp;smallembed=1"" style=""height: 300px; width: 100%; border: none;""></iframe><img width='1' height='1' src='http://slashdot.feedsportal.com/c/35028/f/647410/s/3f7bfd3a/sc/4/mf.gif' border='0'/><br clear='all'/><br/><br/><a href=""http://da.feedsportal.com/r/210474400038/u/49/f/647410/c/35028/s/3f7bfd3a/sc/4/rc/1/rc.htm"" rel=""nofollow""><img src=""http://da.feedsportal.com/r/210474400038/u/49/f/647410/c/35028/s/3f7bfd3a/sc/4/rc/1/rc.img"" border=""0""/></a><br/><a href=""http://da.feedsportal.com/r/210474400038/u/49/f/647410/c/35028/s/3f7bfd3a/sc/4/rc/2/rc.htm"" rel=""nofollow""><img src=""http://da.feedsportal.com/r/210474400038/u/49/f/647410/c/35028/s/3f7bfd3a/sc/4/rc/2/rc.img"" border=""0""/></a><br/><a href=""http://da.feedsportal.com/r/210474400038/u/49/f/647410/c/35028/s/3f7bfd3a/sc/4/rc/3/rc.htm"" rel=""nofollow""><img src=""http://da.feedsportal.com/r/210474400038/u/49/f/647410/c/35028/s/3f7bfd3a/sc/4/rc/3/rc.img"" border=""0""/></a><br/><br/><a href=""http://da.feedsportal.com/r/210474400038/u/49/f/647410/c/35028/s/3f7bfd3a/sc/4/a2.htm""><img src=""http://da.feedsportal.com/r/210474400038/u/49/f/647410/c/35028/s/3f7bfd3a/sc/4/a2.img"" border=""0""/></a><img width=""1"" height=""1"" src=""http://pi.feedsportal.com/r/210474400038/u/49/f/647410/c/35028/s/3f7bfd3a/sc/4/a2t.img"" border=""0""/><img src=""http://feeds.feedburner.com/~r/Slashdot/slashdot/~4/KpdCS3t0YEA"" height=""1"" width=""1""/>"
The Subtle Developer Exodus From the Mac App Store,http://rss.slashdot.org/~r/Slashdot/slashdot/~3/MZgwMYWqXTg/story01.htm,"An anonymous reader writes: Milen Dzhumerov, a software developer for OS X and iOS, has posted a concise breakdown of the problems with the Mac App Store. He says the lack of support for trial software and upgrades drives developers away by preventing them from making a living. Forced sandboxing kills many applications before they get started, and the review system isn't helpful to anyone. Dzhumerov says all of these factors, and Apple's unwillingness to address them, are leading to the slow but steady erosion of quality software in the Mac App Store. ""The relationship between consumers and developers is symbiotic, one cannot exist without the other. If the Mac App Store is a hostile environment for developers, we are going to end up in a situation where, either software will not be supported anymore or even worse, won't be made at all. And the result is the same the other way around &ndash; if there are no consumers, businesses would go bankrupt and no software will be made. The Mac App Store can be work in ways that's beneficial to both developers and consumers alike, it doesn't have to be one or the other. If the MAS is harmful to either developers or consumers, in the long term, it will be inevitably harmful to both.""<p><div class=""share_submission"" style=""position:relative;""> <a class=""slashpop"" href=""http://twitter.com/home?status=The+Subtle+Developer+Exodus+From+the+Mac+App+Store%3A+http%3A%2F%2Fbit.ly%2F1sd3BIL""><img src=""http://a.fsdn.com/sd/twitter_icon_large.png""></a> <a class=""slashpop"" href=""http://www.facebook.com/sharer.php?u=http%3A%2F%2Fapple.slashdot.org%2Fstory%2F14%2F10%2F14%2F1825203%2Fthe-subtle-developer-exodus-from-the-mac-app-store%3Futm_source%3Dslashdot%26utm_medium%3Dfacebook""><img src=""http://a.fsdn.com/sd/facebook_icon_large.png""></a> <a class=""nobg"" href=""http://plus.google.com/share?url=http://apple.slashdot.org/story/14/10/14/1825203/the-subtle-developer-exodus-from-the-mac-app-store?utm_source=slashdot&amp;utm_medium=googleplus"" onclick=""javascript:window.open(this.href,'', 'menubar=no,toolbar=no,resizable=yes,scrollbars=yes,height=600,width=600');return false;""><img src=""http://www.gstatic.com/images/icons/gplus-16.png"" alt=""Share on Google+""/></a> </div></p><p><a href=""http://apple.slashdot.org/story/14/10/14/1825203/the-subtle-developer-exodus-from-the-mac-app-store?utm_source=rss1.0moreanon&amp;utm_medium=feed"">Read more of this story</a> at Slashdot.</p><iframe src=""http://slashdot.org/slashdot-it.pl?op=discuss&amp;id=5826999&amp;smallembed=1"" style=""height: 300px; width: 100%; border: none;""></iframe><img width='1' height='1' src='http://slashdot.feedsportal.com/c/35028/f/647410/s/3f73e98a/sc/4/mf.gif' border='0'/><br clear='all'/><br/><br/><a href=""http://da.feedsportal.com/r/210474344617/u/49/f/647410/c/35028/s/3f73e98a/sc/4/rc/1/rc.htm"" rel=""nofollow""><img src=""http://da.feedsportal.com/r/210474344617/u/49/f/647410/c/35028/s/3f73e98a/sc/4/rc/1/rc.img"" border=""0""/></a><br/><a href=""http://da.feedsportal.com/r/210474344617/u/49/f/647410/c/35028/s/3f73e98a/sc/4/rc/2/rc.htm"" rel=""nofollow""><img src=""http://da.feedsportal.com/r/210474344617/u/49/f/647410/c/35028/s/3f73e98a/sc/4/rc/2/rc.img"" border=""0""/></a><br/><a href=""http://da.feedsportal.com/r/210474344617/u/49/f/647410/c/35028/s/3f73e98a/sc/4/rc/3/rc.htm"" rel=""nofollow""><img src=""http://da.feedsportal.com/r/210474344617/u/49/f/647410/c/35028/s/3f73e98a/sc/4/rc/3/rc.img"" border=""0""/></a><br/><br/><a href=""http://da.feedsportal.com/r/210474344617/u/49/f/647410/c/35028/s/3f73e98a/sc/4/a2.htm""><img src=""http://da.feedsportal.com/r/210474344617/u/49/f/647410/c/35028/s/3f73e98a/sc/4/a2.img"" border=""0""/></a><img width=""1"" height=""1"" src=""http://pi.feedsportal.com/r/210474344617/u/49/f/647410/c/35028/s/3f73e98a/sc/4/a2t.img"" border=""0""/><img src=""http://feeds.feedburner.com/~r/Slashdot/slashdot/~4/MZgwMYWqXTg"" height=""1"" width=""1""/>"
Trio of Huge Crocs Ruled Europe's Jurassic Waters (Discovery),http://news.feedzilla.com/en_us/stories/science/403186562?client_source=api&format=json,"A trio of crocodile-like animals from Europe might have munched on dinosaurs
and other impressively large prey during the Jurassic. Continue reading →

"
